-- --------------------------------------------------------
-- Host:                         127.0.0.1
-- Versión del servidor:         8.0.30 - MySQL Community Server - GPL
-- SO del servidor:              Win64
-- HeidiSQL Versión:             12.1.0.6537
-- --------------------------------------------------------

/*!40101 SET @OLD_CHARACTER_SET_CLIENT=@@CHARACTER_SET_CLIENT */;
/*!40101 SET NAMES utf8 */;
/*!50503 SET NAMES utf8mb4 */;
/*!40103 SET @OLD_TIME_ZONE=@@TIME_ZONE */;
/*!40103 SET TIME_ZONE='+00:00' */;
/*!40014 SET @OLD_FOREIGN_KEY_CHECKS=@@FOREIGN_KEY_CHECKS, FOREIGN_KEY_CHECKS=0 */;
/*!40101 SET @OLD_SQL_MODE=@@SQL_MODE, SQL_MODE='NO_AUTO_VALUE_ON_ZERO' */;
/*!40111 SET @OLD_SQL_NOTES=@@SQL_NOTES, SQL_NOTES=0 */;


-- Volcando estructura de base de datos para votacion_escolar
CREATE DATABASE IF NOT EXISTS `votacion_escolar` /*!40100 DEFAULT CHARACTER SET utf8mb4 COLLATE utf8mb4_0900_ai_ci */ /*!80016 DEFAULT ENCRYPTION='N' */;
USE `votacion_escolar`;

-- Volcando estructura para tabla votacion_escolar.alumnos
CREATE TABLE IF NOT EXISTS `alumnos` (
  `id_alumno` int NOT NULL AUTO_INCREMENT,
  `nombre` varchar(100) NOT NULL,
  `apellidos` varchar(100) NOT NULL,
  `dni` varchar(8) NOT NULL,
  `grado` varchar(20) NOT NULL,
  `nivel` varchar(20) NOT NULL DEFAULT 'primaria',
  `seccion` varchar(10) NOT NULL,
  `activo` tinyint(1) NOT NULL DEFAULT '1',
  PRIMARY KEY (`id_alumno`),
  UNIQUE KEY `dni` (`dni`),
  CONSTRAINT `chk_nivel` CHECK ((`nivel` in (_utf8mb4'Primaria',_utf8mb4'Secundaria')))
) ENGINE=InnoDB AUTO_INCREMENT=1720 DEFAULT CHARSET=utf8mb4 COLLATE=utf8mb4_0900_ai_ci;

-- Volcando datos para la tabla votacion_escolar.alumnos: ~802 rows (aproximadamente)
INSERT INTO `alumnos` (`id_alumno`, `nombre`, `apellidos`, `dni`, `grado`, `nivel`, `seccion`, `activo`) VALUES
	(918, 'HANNA MAYTE', 'ACARO CODARLUPO', '91166461', 'PRIMERO', 'Primaria', 'A', 1),
	(919, 'AITANA VALENTINA', 'AVILA JUAREZ', '90788039', 'PRIMERO', 'Primaria', 'A', 1),
	(920, 'SHERALY DANIELA', 'CALLE RIMAYCUNA', '90735720', 'PRIMERO', 'Primaria', 'A', 1),
	(921, 'GHIA KHALESSI', 'CARRASCO GARCIA', '91252691', 'PRIMERO', 'Primaria', 'A', 1),
	(922, 'ALISSON DALESKA', 'CAVERO LOPEZ', '91071098', 'PRIMERO', 'Primaria', 'A', 1),
	(923, 'MARIA TERESA', 'CORREA MURILLO', '90410511', 'PRIMERO', 'Primaria', 'A', 1),
	(924, 'ALEXANDRA DALEYSA', 'FARFAN ATOCHE', '90858221', 'PRIMERO', 'Primaria', 'A', 1),
	(925, 'JASMÍN ALESSIA', 'FLORES ALBURQUEQUE', '90707650', 'PRIMERO', 'Primaria', 'A', 1),
	(926, 'ITZEL VALESKA', 'GARABITO FLORES', '90815281', 'PRIMERO', 'Primaria', 'A', 1),
	(927, 'AITANA LUCIANA', 'GARCIA CAMACHO', '90868818', 'PRIMERO', 'Primaria', 'A', 1),
	(928, 'STACY NAIARA', 'GOMEZ VELEZ', '91239462', 'PRIMERO', 'Primaria', 'A', 1),
	(929, 'CHIRLEY DAYANA', 'INFANTE MAZA', '90945984', 'PRIMERO', 'Primaria', 'A', 1),
	(930, 'CATALELLA AITANA', 'LOPEZ AGURTO', '90810759', 'PRIMERO', 'Primaria', 'A', 1),
	(931, 'DALESKA MAYTE', 'MAZA SAMANIEGO', '90881601', 'PRIMERO', 'Primaria', 'A', 1),
	(932, 'EMILY ALEXANDRA', 'MEDINA GALOPINO', '90797218', 'PRIMERO', 'Primaria', 'A', 1),
	(933, 'ANGELES NAHIR', 'NAJARRO CRUZADO', '90909988', 'PRIMERO', 'Primaria', 'A', 1),
	(934, 'AMY ALESSANDRA', 'ORTIZ CASTILLO', '91229454', 'PRIMERO', 'Primaria', 'A', 1),
	(935, 'ODAD ÓZLEM', 'PANTA VILLEGAS', '90706339', 'PRIMERO', 'Primaria', 'A', 1),
	(936, 'YAMILA JUDITH', 'PRECIADO CAMPOVERDE', '91228628', 'PRIMERO', 'Primaria', 'A', 1),
	(937, 'MARIA GUADALUPE', 'RIVERA ATOCHE', '90742113', 'PRIMERO', 'Primaria', 'A', 1),
	(938, 'ZOE VALENTINA', 'ROJAS MORE', '91234476', 'PRIMERO', 'Primaria', 'A', 1),
	(939, 'BRUNELLA LUCIANA', 'SAAVEDRA ALBURQUEQUE', '91215596', 'PRIMERO', 'Primaria', 'A', 1),
	(940, 'AMIRA LAURA', 'SAAVEDRA MOGOLLON', '90818256', 'PRIMERO', 'Primaria', 'A', 1),
	(941, 'YORDANA ABIGAIL', 'SAAVEDRA VARGAS MACHUCA', '90997531', 'PRIMERO', 'Primaria', 'A', 1),
	(942, 'NAHOMI NICOLEE', 'SANDOVAL ALFARO', '91147974', 'PRIMERO', 'Primaria', 'A', 1),
	(943, 'ZAHOMY NICOLL', 'SEMINARIO CALLE', '90863177', 'PRIMERO', 'Primaria', 'A', 1),
	(944, 'NAIARA LUZ VICTORIA', 'VIERA HERRERA', '91233375', 'PRIMERO', 'Primaria', 'A', 1),
	(945, 'LUANNA KALESY', 'VILLEGAS SUNCION', '91107033', 'PRIMERO', 'Primaria', 'A', 1),
	(946, 'ANTONELLA LISBETH', 'ZAPATA CASTILLO', '91244195', 'PRIMERO', 'Primaria', 'A', 1),
	(947, 'LUCIANA GAELA', 'ACOSTA SALES', '91195565', 'PRIMERO', 'Primaria', 'B', 1),
	(948, 'ALESSA PIERINA', 'ALEJOS CARRILLO', '91200610', 'PRIMERO', 'Primaria', 'B', 1),
	(949, 'RIATHNA MAYLI', 'ANDRADE CHAMBA', '90979206', 'PRIMERO', 'Primaria', 'B', 1),
	(950, 'JAZLY VALENTINA', 'BURGOS VALLE', '91244450', 'PRIMERO', 'Primaria', 'B', 1),
	(951, 'MARÍA ALONDRA KATTALEYA', 'CARRASCO ZAPATA', '90735346', 'PRIMERO', 'Primaria', 'B', 1),
	(952, 'KATALEYA ANAMILLET', 'CARRERA GUINOCCHIO', '91010837', 'PRIMERO', 'Primaria', 'B', 1),
	(953, 'DAYRET MARICRIS', 'CORDOVA GARCIA', '90881683', 'PRIMERO', 'Primaria', 'B', 1),
	(954, 'GAHELA AISELL', 'CORNEJO BARRIENTOS', '91043012', 'PRIMERO', 'Primaria', 'B', 1),
	(955, 'ADELE MARIET', 'FLORES LOPEZ', '91146434', 'PRIMERO', 'Primaria', 'B', 1),
	(956, 'EIZA CATALEYA', 'GARCIA LOPEZ', '90749579', 'PRIMERO', 'Primaria', 'B', 1),
	(957, 'DANNA DANIELA', 'LAMADRID NOE', '90703275', 'PRIMERO', 'Primaria', 'B', 1),
	(958, 'GRESIA FABIANA', 'LOPEZ MORE', '90976114', 'PRIMERO', 'Primaria', 'B', 1),
	(959, 'VALENTINA YAMILET', 'LOPEZ VILLEGAS', '90794924', 'PRIMERO', 'Primaria', 'B', 1),
	(960, 'KHALEESI BRIGITTE', 'MALUQUIS CUMBICUS', '90777524', 'PRIMERO', 'Primaria', 'B', 1),
	(961, 'MARÍA FERNANDA', 'MARCHAN QUEZADA', '90865087', 'PRIMERO', 'Primaria', 'B', 1),
	(962, 'GAELA MAITE', 'MECA CRISANTO', '91248827', 'PRIMERO', 'Primaria', 'B', 1),
	(963, 'FABIOLA', 'MEJIAS JIMENEZ', '91014812', 'PRIMERO', 'Primaria', 'B', 1),
	(964, 'ROSA ALICIA', 'MIRANDA PULACHE', '91117941', 'PRIMERO', 'Primaria', 'B', 1),
	(965, 'LUANA ARELY', 'NOLE PRIETO', '90864053', 'PRIMERO', 'Primaria', 'B', 1),
	(966, 'AITANA ALESSIA', 'PACHERREZ ADANAQUE', '91188650', 'PRIMERO', 'Primaria', 'B', 1),
	(967, 'HEYSELL CAMILA', 'REYES MORE', '91091252', 'PRIMERO', 'Primaria', 'B', 1),
	(968, 'ITAMAR KATALEYA', 'RIOFRIO GARCIA', '91061551', 'PRIMERO', 'Primaria', 'B', 1),
	(969, 'KAILANI YURIEL', 'RIOJA ROSALES', '91205037', 'PRIMERO', 'Primaria', 'B', 1),
	(970, 'ENA ALEJANDRA', 'SAAVEDRA CHAVEZ', '90741130', 'PRIMERO', 'Primaria', 'B', 1),
	(971, 'ADRIANA CAROLINA', 'SANCARRANCO VIERA', '90831564', 'PRIMERO', 'Primaria', 'B', 1),
	(972, 'FATIMA VALERIA', 'SANCHEZ ARRESE', '90841293', 'PRIMERO', 'Primaria', 'B', 1),
	(973, 'KAORY VALESKA', 'SERNAQUE NOLE', '91039765', 'PRIMERO', 'Primaria', 'B', 1),
	(974, 'RAFAELLA KAILEY', 'SILUPU ASUNCION', '90918804', 'PRIMERO', 'Primaria', 'B', 1),
	(975, 'FARLY ENLIL', 'TINEO JIMENEZ', '91258652', 'PRIMERO', 'Primaria', 'B', 1),
	(976, 'HELEN ORIANA', 'VELASQUEZ OTERO', '91043042', 'PRIMERO', 'Primaria', 'B', 1),
	(977, 'GIA THAIS', 'YOVERA VIERA', '90803869', 'PRIMERO', 'Primaria', 'B', 1),
	(978, 'ISIS ALONDRA', 'ACEDO INFANTE', '91249799', 'PRIMERO', 'Primaria', 'C', 1),
	(979, 'ARYA AYSEL', 'ARRUNATEGUI GARAVITO', '91078060', 'PRIMERO', 'Primaria', 'C', 1),
	(980, 'ALONDRA CRISTHEL', 'CARRASCO VIERA', '90873235', 'PRIMERO', 'Primaria', 'C', 1),
	(981, 'KIM EVANGELINE', 'CASTILLO CALLE', '90969587', 'PRIMERO', 'Primaria', 'C', 1),
	(982, 'THAISSA DENET', 'CHAPOÑAN YAMUNAQUE', '90749464', 'PRIMERO', 'Primaria', 'C', 1),
	(983, 'MADISON LUCIANA', 'CHINCHON AHEN', '91167770', 'PRIMERO', 'Primaria', 'C', 1),
	(984, 'MIA VALENTINA', 'CHUNGA CASTILLO', '90881720', 'PRIMERO', 'Primaria', 'C', 1),
	(985, 'ANGELA KALESI', 'COBEÑAS GARRIDO', '91176504', 'PRIMERO', 'Primaria', 'C', 1),
	(986, 'EIMY FABIANA', 'ESPINOZA NOLE', '91001119', 'PRIMERO', 'Primaria', 'C', 1),
	(987, 'SAMANTHA CARIDAD', 'GALVEZ VIERA', '90933389', 'PRIMERO', 'Primaria', 'C', 1),
	(988, 'ADHARA AYLIN', 'GARCIA ESPINOZA', '90793508', 'PRIMERO', 'Primaria', 'C', 1),
	(989, 'ASHLEY KATALEYA', 'GUTIERREZ MECA', '91118176', 'PRIMERO', 'Primaria', 'C', 1),
	(990, 'BRIANA VALENTINA', 'JIMENEZ PALACIOS', '91485148', 'PRIMERO', 'Primaria', 'C', 1),
	(991, 'OLENKA DUVIEL', 'LIZAMA MASIAS', '90992280', 'PRIMERO', 'Primaria', 'C', 1),
	(992, 'THAIZA AINNARA', 'MARCELO AGUILAR', '91117300', 'PRIMERO', 'Primaria', 'C', 1),
	(993, 'CRISMI DHARIANA', 'MAURICIO VALDEZ', '90999799', 'PRIMERO', 'Primaria', 'C', 1),
	(994, 'ALEJANDRA YARELY', 'MIO ZAPATA', '91218661', 'PRIMERO', 'Primaria', 'C', 1),
	(995, 'DULCE XIMENA YAMILETH', 'MONTERO SUAREZ', '91217966', 'PRIMERO', 'Primaria', 'C', 1),
	(996, 'ANY LUCIA', 'PACHERREZ ZUÑIGA', '90791225', 'PRIMERO', 'Primaria', 'C', 1),
	(997, 'KATALEYA AYSSEL', 'PURIZACA TINEO', '90922431', 'PRIMERO', 'Primaria', 'C', 1),
	(998, 'ROUSS MERCEDES', 'RUMICHE RAMOS', '90799578', 'PRIMERO', 'Primaria', 'C', 1),
	(999, 'GÉNESIS LUCIANA', 'SAENZ SORIANO', '90817536', 'PRIMERO', 'Primaria', 'C', 1),
	(1000, 'ANGIE LISETH', 'SALAS JABO', '90932621', 'PRIMERO', 'Primaria', 'C', 1),
	(1001, 'ZOE KHALESSI', 'SILVA QUISPE', '91322225', 'PRIMERO', 'Primaria', 'C', 1),
	(1002, 'KHALEESI SEZIET', 'SILVA SAAVEDRA', '90740146', 'PRIMERO', 'Primaria', 'C', 1),
	(1003, 'JADE GERALDINE', 'VASQUEZ MACAHUACHI', '90931639', 'PRIMERO', 'Primaria', 'C', 1),
	(1004, 'ALESSIA YAMILE', 'VILLEGAS SUAREZ', '91236166', 'PRIMERO', 'Primaria', 'C', 1),
	(1005, 'ITZEL VICTORIA', 'ZAPATA HERRERA', '90909459', 'PRIMERO', 'Primaria', 'C', 1),
	(1006, 'MERCEDES DE LOS MILAGROS', 'ZAPATA PEÑA', '91088016', 'PRIMERO', 'Primaria', 'C', 1),
	(1007, 'DALEZKA DE LAS MERCEDES', 'ALBERCA CRUZ', '90980051', 'PRIMERO', 'Primaria', 'D', 1),
	(1008, 'ZAIDA ABIGAIL', 'ATO ROMERO', '90854233', 'PRIMERO', 'Primaria', 'D', 1),
	(1009, 'ANA MERCEDES', 'BARRIENTOS CASTRO', '90869086', 'PRIMERO', 'Primaria', 'D', 1),
	(1010, 'GIA ANTONELLA', 'BECERRA SIANCAS', '90753273', 'PRIMERO', 'Primaria', 'D', 1),
	(1011, 'MARIA FERNANDA', 'BURGOS ALACHE', '91152255', 'PRIMERO', 'Primaria', 'D', 1),
	(1012, 'GAELA VALENTINA', 'CAMACHO NUNURA', '90712028', 'PRIMERO', 'Primaria', 'D', 1),
	(1013, 'JHOYSI FERNANDA YAMILETH', 'CHINCHAY VENCES', '90960246', 'PRIMERO', 'Primaria', 'D', 1),
	(1014, 'ALESCA VALENTINA', 'CORNEJO JUAREZ', '91133275', 'PRIMERO', 'Primaria', 'D', 1),
	(1015, 'DANIELA NOEMI', 'CRIOLLO RAMOS', '90712451', 'PRIMERO', 'Primaria', 'D', 1),
	(1016, 'DANNA MARICIELO', 'DEL ROSARIO COBEÑAS', '90780320', 'PRIMERO', 'Primaria', 'D', 1),
	(1017, 'MILAGROS DE GUADALUPE', 'GALLO CASTILLO', '91017967', 'PRIMERO', 'Primaria', 'D', 1),
	(1018, 'DORIS SMITH PRISCILA', 'GARCES RUFINO', '91139593', 'PRIMERO', 'Primaria', 'D', 1),
	(1019, 'AITANA AYLEN', 'GUERRERO YANGUA', '91207313', 'PRIMERO', 'Primaria', 'D', 1),
	(1020, 'KHENDALL RAFAELA', 'GUTIERREZ ANCAJIMA', '90827520', 'PRIMERO', 'Primaria', 'D', 1),
	(1021, 'MARIANA ANTONELLA', 'HIDALGO CHERO', '90986577', 'PRIMERO', 'Primaria', 'D', 1),
	(1022, 'ASHLEY ALISSON CATRINA', 'HUAITA HUANCAYO', '90966478', 'PRIMERO', 'Primaria', 'D', 1),
	(1023, 'ARLET', 'LANDA ALVARADO', '91063709', 'PRIMERO', 'Primaria', 'D', 1),
	(1024, 'AISHA KATRINA', 'LEON MORE', '91076032', 'PRIMERO', 'Primaria', 'D', 1),
	(1025, 'MADISON CATTALEYA', 'MANIHUARI DIAZ', '91034272', 'PRIMERO', 'Primaria', 'D', 1),
	(1026, 'AYETSA NICOLE', 'MARTINEZ MENDOZA', '91216943', 'PRIMERO', 'Primaria', 'D', 1),
	(1027, 'GIA RENATTA', 'MAZA CORTEZ', '90904217', 'PRIMERO', 'Primaria', 'D', 1),
	(1028, 'MIA YAPRAC', 'MENDOZA ADRIANZEN', '90956148', 'PRIMERO', 'Primaria', 'D', 1),
	(1029, 'ANNY ALEJANDRA', 'ORTIZ CASTILLO', '91229435', 'PRIMERO', 'Primaria', 'D', 1),
	(1030, 'RENATA DE JESUS', 'PALOMINO QUILLA', '91111538', 'PRIMERO', 'Primaria', 'D', 1),
	(1031, 'VHALESKA GUADALUPE', 'PANTA GONZALES', '90802848', 'PRIMERO', 'Primaria', 'D', 1),
	(1032, 'KRISLEY VALENTINA', 'PEREDA ROSALES', '91290877', 'PRIMERO', 'Primaria', 'D', 1),
	(1033, 'ALEXA NICOLLE', 'REYMUNDO PEREZ', '90805913', 'PRIMERO', 'Primaria', 'D', 1),
	(1034, 'YAZUMY ZAHORY', 'SANCHEZ LOPEZ', '90820962', 'PRIMERO', 'Primaria', 'D', 1),
	(1035, 'MIRTHA SAMINA', 'SOPLA CASTILLO', '90796641', 'PRIMERO', 'Primaria', 'D', 1),
	(1036, 'DALESKA VALENTINA', 'VALENCIA QUIROZ', '91084502', 'PRIMERO', 'Primaria', 'D', 1),
	(1037, 'ALEXA NATHANIEL', 'ZETA NAVARRO', '91065373', 'PRIMERO', 'Primaria', 'D', 1),
	(1038, 'CAMILA LISBET', 'AGUILAR FLORES', '90526059', 'SEGUNDO', 'Primaria', 'A', 1),
	(1039, 'ASHLEY ORIANA', 'ALCAS MORE', '90172584', 'SEGUNDO', 'Primaria', 'A', 1),
	(1040, 'ITZEL NOEMI', 'ALONSO MARQUEZ', '90385338', 'SEGUNDO', 'Primaria', 'A', 1),
	(1041, 'FATIMA YAMILETH', 'AQUINO JIMENEZ', '90180328', 'SEGUNDO', 'Primaria', 'A', 1),
	(1042, 'ARIANA MIREIDY', 'ARCELES CHIRA', '90684035', 'SEGUNDO', 'Primaria', 'A', 1),
	(1043, 'ALANA FRANCHESCA', 'ARENAS NUNURA', '90592022', 'SEGUNDO', 'Primaria', 'A', 1),
	(1044, 'DANUZKA LOANA', 'CASTILLO ESCOBAR', '90454244', 'SEGUNDO', 'Primaria', 'A', 1),
	(1045, 'PRISCILA GABRIELA', 'CASTILLO ESCOBAR', '90558526', 'SEGUNDO', 'Primaria', 'A', 1),
	(1046, 'ORIANA XIMENA', 'CASTILLO VIERA', '90455412', 'SEGUNDO', 'Primaria', 'A', 1),
	(1047, 'GÉNESIS NAOMY', 'COBEÑAS SILVA', '90285189', 'SEGUNDO', 'Primaria', 'A', 1),
	(1048, 'MIA LILIANA', 'ESPINOZA TOCTO', '90659353', 'SEGUNDO', 'Primaria', 'A', 1),
	(1049, 'LUANA YAZUMY', 'FLORES VILLEGAS', '90285365', 'SEGUNDO', 'Primaria', 'A', 1),
	(1050, 'KEYTLIN ABIGAIL', 'GARCIA JIMENEZ', '90181977', 'SEGUNDO', 'Primaria', 'A', 1),
	(1051, 'ANAHY ALESSANDRA', 'GARCIA SOJO', '90261167', 'SEGUNDO', 'Primaria', 'A', 1),
	(1052, 'JESSIA SAMIRA', 'MAURICIO GIRON', '90477357', 'SEGUNDO', 'Primaria', 'A', 1),
	(1053, 'ZOE JIRETH', 'MOGOLLON PINGO', '90252089', 'SEGUNDO', 'Primaria', 'A', 1),
	(1054, 'VICTORIA ALEXANDRA', 'MORE CASTILLO', '90393633', 'SEGUNDO', 'Primaria', 'A', 1),
	(1055, 'ADRIANA DE LOS MILAGROS', 'NOLE PULACHE', '90315657', 'SEGUNDO', 'Primaria', 'A', 1),
	(1056, 'GIA KORANNY', 'PIEDRA HUANCA', '90471069', 'SEGUNDO', 'Primaria', 'A', 1),
	(1057, 'MARIANA BRIGUITH', 'PRADO JUAREZ', '90671321', 'SEGUNDO', 'Primaria', 'A', 1),
	(1058, 'LUCY KARINA', 'PURIZACA VILLALTA', '90256460', 'SEGUNDO', 'Primaria', 'A', 1),
	(1059, 'NADEZKA JAZMIN', 'RIVERA FERNANDEZ', '90412857', 'SEGUNDO', 'Primaria', 'A', 1),
	(1060, 'ANAHIS STEFHANIA', 'SALAZAR REYES', '90428908', 'SEGUNDO', 'Primaria', 'A', 1),
	(1061, 'ALEJANDRA MIKELA', 'SALCEDO TAVARA', '90508555', 'SEGUNDO', 'Primaria', 'A', 1),
	(1062, 'GENESIS YASMIN', 'SANTOS MORE', '90634583', 'SEGUNDO', 'Primaria', 'A', 1),
	(1063, 'MIRANDA DOMENICA', 'TINEO GARCIA', '90444207', 'SEGUNDO', 'Primaria', 'A', 1),
	(1064, 'STEPHANIE BETZABETH', 'TORRES HERRADA', '90453683', 'SEGUNDO', 'Primaria', 'A', 1),
	(1065, 'NANCY MOANA', 'TUME RUESTA', '92199126', 'SEGUNDO', 'Primaria', 'A', 1),
	(1066, 'SAMANTHA YESSENIA', 'VICENTE CAMPOVERDE', '92234709', 'SEGUNDO', 'Primaria', 'A', 1),
	(1067, 'AZNAILA THAÍSA', 'VIERA CHUMACERO', '90569171', 'SEGUNDO', 'Primaria', 'A', 1),
	(1068, 'KALHESY DEL ROCIO', 'YACILA CORTEZ', '90378240', 'SEGUNDO', 'Primaria', 'A', 1),
	(1069, 'MERKEL JARETH', 'YESANG LAZO', '90226602', 'SEGUNDO', 'Primaria', 'A', 1),
	(1070, 'AYTHANA DENISSE', 'ZAPATA CASTILLO', '90290477', 'SEGUNDO', 'Primaria', 'A', 1),
	(1071, 'ORIANA ANTUANET', 'ZAPATA CORDOVA', '90468355', 'SEGUNDO', 'Primaria', 'A', 1),
	(1072, 'GIA OSLEN', 'ALAMA OLAYA', '90591123', 'SEGUNDO', 'Primaria', 'B', 1),
	(1073, 'MIA LUHANA', 'AVILA ZAPATA', '90300352', 'SEGUNDO', 'Primaria', 'B', 1),
	(1074, 'TIANA ALESSA', 'BRAVO ORTIZ', '90270019', 'SEGUNDO', 'Primaria', 'B', 1),
	(1075, 'DEISY SARAI', 'BRUNO ARTEAGA', '90225978', 'SEGUNDO', 'Primaria', 'B', 1),
	(1076, 'ALESSA YAMILA', 'CASTILLO TINEO', '90224658', 'SEGUNDO', 'Primaria', 'B', 1),
	(1077, 'TAHIZA MÍRELLY', 'CEDANO ZAPATA', '90569051', 'SEGUNDO', 'Primaria', 'B', 1),
	(1078, 'LOURDES ANTONIA', 'CONCHA VELASCO', '90292499', 'SEGUNDO', 'Primaria', 'B', 1),
	(1079, 'IVANA CAMILA', 'CUNYA JIMENEZ', '90645767', 'SEGUNDO', 'Primaria', 'B', 1),
	(1080, 'BRITHANY SAHORY', 'ESPINOZA CHECA', '90695390', 'SEGUNDO', 'Primaria', 'B', 1),
	(1081, 'PERLA ROSMERY YAMILED', 'ESPINOZA GUTIERRES', '90533660', 'SEGUNDO', 'Primaria', 'B', 1),
	(1082, 'VALERI LISBETH', 'GIRON JIMENEZ', '90568925', 'SEGUNDO', 'Primaria', 'B', 1),
	(1083, 'APRIL XIMENA', 'GUTIERREZ MECA', '90497915', 'SEGUNDO', 'Primaria', 'B', 1),
	(1084, 'EMY KALANY', 'HUAYANCA DIAZ', '90647839', 'SEGUNDO', 'Primaria', 'B', 1),
	(1085, 'LEYDY ESTEFANY', 'INGA MORALES', '90363027', 'SEGUNDO', 'Primaria', 'B', 1),
	(1086, 'MERRELINE ADRIANA', 'JIMENEZ LESCANO', '90316178', 'SEGUNDO', 'Primaria', 'B', 1),
	(1087, 'JIMENA STHEFANIA', 'JIMENEZ SAAVEDRA', '90656968', 'SEGUNDO', 'Primaria', 'B', 1),
	(1088, 'FLAVIA ALANA', 'MONDRAGON CASTILLO', '90642242', 'SEGUNDO', 'Primaria', 'B', 1),
	(1089, 'BRIANNA ALEXA', 'NAVARRO NONAJULCA', '90362727', 'SEGUNDO', 'Primaria', 'B', 1),
	(1090, 'MAYTE ISABEL', 'NIMA NAVARRO', '90721274', 'SEGUNDO', 'Primaria', 'B', 1),
	(1091, 'ORIANA ANAIS', 'OLIVARES CAMACHO', '90277060', 'SEGUNDO', 'Primaria', 'B', 1),
	(1092, 'MAFER YAMILE', 'PEÑA QUISPE', '90460186', 'SEGUNDO', 'Primaria', 'B', 1),
	(1093, 'LUCIANA THAIS', 'RUIZ FLORES', '92529930', 'SEGUNDO', 'Primaria', 'B', 1),
	(1094, 'BRIANELLA KAHORY', 'SALES LAURENCIO', '90399820', 'SEGUNDO', 'Primaria', 'B', 1),
	(1095, 'GREYSI VALENTINA', 'SANDOVAL SERNAQUE', '90569936', 'SEGUNDO', 'Primaria', 'B', 1),
	(1096, 'KYARA VALENTINA', 'SANTISTEBAN TAVARA', '90617758', 'SEGUNDO', 'Primaria', 'B', 1),
	(1097, 'ALESSIA AYLEE', 'SEMINARIO GARCIA', '90559429', 'SEGUNDO', 'Primaria', 'B', 1),
	(1098, 'SAYURI ALEJANDRA', 'SERNAQUE RIVERA', '90480116', 'SEGUNDO', 'Primaria', 'B', 1),
	(1099, 'MARÍA CAMILA', 'SILVA RUIZ', '90362943', 'SEGUNDO', 'Primaria', 'B', 1),
	(1100, 'NAILA IBETB', 'TIMANA PALACIOS', '90214998', 'SEGUNDO', 'Primaria', 'B', 1),
	(1101, 'MILAGROS ALEJANDRA', 'UGAS VASQUEZ', '90502587', 'SEGUNDO', 'Primaria', 'B', 1),
	(1102, 'KARLA GUADALUPE', 'VIERA CARRASCO', '90332910', 'SEGUNDO', 'Primaria', 'B', 1),
	(1103, 'LÍA VALERIA', 'ZAPATA CHINCHAY', '90703355', 'SEGUNDO', 'Primaria', 'B', 1),
	(1104, 'KAREN ESMITH', 'ZAPATA GARRIDO', '90467762', 'SEGUNDO', 'Primaria', 'B', 1),
	(1105, 'FLAVIA ALESSIA', 'ZAPATA MEDINA', '90665582', 'SEGUNDO', 'Primaria', 'B', 1),
	(1106, 'ZULEY AILIN', 'ZETA GARRIDO', '91262557', 'SEGUNDO', 'Primaria', 'B', 1),
	(1107, 'EIMY ALIZEÉ', 'BARRANZUELA BECERRA', '90520688', 'SEGUNDO', 'Primaria', 'C', 1),
	(1108, 'ALISSON KHALEESI', 'CANOVA PEÑA', '90398036', 'SEGUNDO', 'Primaria', 'C', 1),
	(1109, 'ALIZ ALESSANDRA DE LOS MILAGROS', 'CARRASCO CURAY', '90481831', 'SEGUNDO', 'Primaria', 'C', 1),
	(1110, 'MAIA KATALEYA', 'CORDERO CASTILLO', '90233569', 'SEGUNDO', 'Primaria', 'C', 1),
	(1111, 'TATIANA VALESKA', 'CORREA NOVOA', '90714654', 'SEGUNDO', 'Primaria', 'C', 1),
	(1112, 'ARIANA MAZIEL', 'CORREA TINEO', '90548705', 'SEGUNDO', 'Primaria', 'C', 1),
	(1113, 'SOFIA VALENTINA', 'CORTEZ VIERA', '90220149', 'SEGUNDO', 'Primaria', 'C', 1),
	(1114, 'AMMY DALEYSA', 'DUQUE CHOCLOTE', '90352389', 'SEGUNDO', 'Primaria', 'C', 1),
	(1115, 'KIMBERLY SOFIA', 'ESPINOZA VILLASECA', '90648026', 'SEGUNDO', 'Primaria', 'C', 1),
	(1116, 'LUANA NAOMI', 'FARFAN FARFAN', '90311807', 'SEGUNDO', 'Primaria', 'C', 1),
	(1117, 'MASSIEL JHOSELEY', 'GUERRA DELGADO', '90631338', 'SEGUNDO', 'Primaria', 'C', 1),
	(1118, 'FLAVIA KHALEESI BRIANA', 'GUEVARA VENCES', '90421214', 'SEGUNDO', 'Primaria', 'C', 1),
	(1119, 'MIA SAMANTHA', 'HERRADA ALAMA', '90709786', 'SEGUNDO', 'Primaria', 'C', 1),
	(1120, 'DANIELA ESTRELLITA', 'JIMENEZ VILLEGAS', '90366654', 'SEGUNDO', 'Primaria', 'C', 1),
	(1121, 'TAYZHA ITAMAR', 'JUAREZ SINARAHUA', '90469235', 'SEGUNDO', 'Primaria', 'C', 1),
	(1122, 'MIA FERNANDA', 'MENA ROJAS', '90675661', 'SEGUNDO', 'Primaria', 'C', 1),
	(1123, 'LUCIA KALESSI', 'MORALES PAUCAR', '90614111', 'SEGUNDO', 'Primaria', 'C', 1),
	(1124, 'MARFRE LUANA', 'NAVARRO RAMIREZ', '90355281', 'SEGUNDO', 'Primaria', 'C', 1),
	(1125, 'VALEZKA GRACIELA', 'OLORTEGUI JUAREZ', '90355445', 'SEGUNDO', 'Primaria', 'C', 1),
	(1126, 'ADELINE GABRIELA', 'ORDINOLA CAMACHO', '90637551', 'SEGUNDO', 'Primaria', 'C', 1),
	(1127, 'BRITHANY AHSLEY', 'PACHERREZ SOBRINO', '90269902', 'SEGUNDO', 'Primaria', 'C', 1),
	(1128, 'GENESIS VALENTINA', 'ROJAS VILLALTA', '90271708', 'SEGUNDO', 'Primaria', 'C', 1),
	(1129, 'LUCIANA CRISTELL', 'RUIZ RUIZ', '90337248', 'SEGUNDO', 'Primaria', 'C', 1),
	(1130, 'ALONDRA LIZETH DEL CARMEN', 'RUIZ SILVA', '90485434', 'SEGUNDO', 'Primaria', 'C', 1),
	(1131, 'DANNA ABIGAIL', 'SANJINEZ ALAMA', '90679589', 'SEGUNDO', 'Primaria', 'C', 1),
	(1132, 'JEYMI BRITNY', 'SEMINARIO NAVARRO', '90530791', 'SEGUNDO', 'Primaria', 'C', 1),
	(1133, 'RAIZA CELESTE', 'SILVA REYES', '90191167', 'SEGUNDO', 'Primaria', 'C', 1),
	(1134, 'KEYLÚ SAMIRA', 'SOLANO MECA', '90684644', 'SEGUNDO', 'Primaria', 'C', 1),
	(1135, 'PERLA KAELY', 'SUAREZ ESPINOZA', '90300484', 'SEGUNDO', 'Primaria', 'C', 1),
	(1136, 'NANCY VALENTINA VALERIA', 'TORRES COLUMBUS', '90702519', 'SEGUNDO', 'Primaria', 'C', 1),
	(1137, 'FLAVIA AMIRA', 'VALDIVIEZO ROSALES', '90240829', 'SEGUNDO', 'Primaria', 'C', 1),
	(1138, 'BRIANA MAYLEN', 'VELIZ FELIPE', '90279117', 'SEGUNDO', 'Primaria', 'C', 1),
	(1139, 'LINA JHOANA', 'VILLARREYES GALVEZ', '90351317', 'SEGUNDO', 'Primaria', 'C', 1),
	(1140, 'GUADALUPE YULIETH', 'VILLEGAS MARTINEZ', '90613138', 'SEGUNDO', 'Primaria', 'C', 1),
	(1141, 'XIANA ZULEY', 'AMANINGO REYES', '90218862', 'SEGUNDO', 'Primaria', 'D', 1),
	(1142, 'MARIA GUADALUPE', 'BURGOS MADRID', '90537122', 'SEGUNDO', 'Primaria', 'D', 1),
	(1143, 'HALLI SHALOON', 'CAMINO MEDINA', '90333864', 'SEGUNDO', 'Primaria', 'D', 1),
	(1144, 'SAHORY VALESKA', 'CORTEZ VIERA', '90220187', 'SEGUNDO', 'Primaria', 'D', 1),
	(1145, 'ROXY CAMILA', 'CRISANTO FLORES', '90361489', 'SEGUNDO', 'Primaria', 'D', 1),
	(1146, 'ALLISON THAISA', 'FLORES SEMINARIO', '90520465', 'SEGUNDO', 'Primaria', 'D', 1),
	(1147, 'MELANY CRISTEL', 'FLORES SOCOLA', '90705678', 'SEGUNDO', 'Primaria', 'D', 1),
	(1148, 'DALESKA NICOL', 'HERRERA NAVARRO', '81818182', 'SEGUNDO', 'Primaria', 'D', 1),
	(1149, 'KIARA LILETH', 'MARQUEZ VALLADOLID', '90495462', 'SEGUNDO', 'Primaria', 'D', 1),
	(1150, 'LUHANA MASSIEL', 'MENDOZA BECERRA', '90395463', 'SEGUNDO', 'Primaria', 'D', 1),
	(1151, 'BRIANNA NAYELI', 'MORALES VARGAS', '90185447', 'SEGUNDO', 'Primaria', 'D', 1),
	(1152, 'AMIRA VALERIA KATHALEYA', 'PEREZ CHAVEZ', '90408855', 'SEGUNDO', 'Primaria', 'D', 1),
	(1153, 'LUCIANA ELFI DE MARÍA', 'POZO CHUNGA', '90497661', 'SEGUNDO', 'Primaria', 'D', 1),
	(1154, 'THAÍSA YAKORI', 'PRIETO SOSA', '90369018', 'SEGUNDO', 'Primaria', 'D', 1),
	(1155, 'KATHERIN ARIANA', 'PUESCAS PANTA', '90257466', 'SEGUNDO', 'Primaria', 'D', 1),
	(1156, 'MIA ZULEIKA', 'RAMOS CALDERON', '90708894', 'SEGUNDO', 'Primaria', 'D', 1),
	(1157, 'AITANA DANÁE', 'RAMOS ZAPATA', '90690321', 'SEGUNDO', 'Primaria', 'D', 1),
	(1158, 'KALESSY NAHELA', 'RODRIGUEZ VIERA', '90687407', 'SEGUNDO', 'Primaria', 'D', 1),
	(1159, 'KIARA MARGARITA', 'RUIZ VIERA', '90537203', 'SEGUNDO', 'Primaria', 'D', 1),
	(1160, 'GAELA ABIGAIL', 'SALAZAR NUÑEZ', '90376566', 'SEGUNDO', 'Primaria', 'D', 1),
	(1161, 'CAMILA DANAHE', 'SALCEDO BENITES', '90635821', 'SEGUNDO', 'Primaria', 'D', 1),
	(1162, 'ARIADNE ALLISSON', 'SANCHEZ ATO', '90400355', 'SEGUNDO', 'Primaria', 'D', 1),
	(1163, 'ISIS AITANA', 'SANCHEZ FARFAN', '93893730', 'SEGUNDO', 'Primaria', 'D', 1),
	(1164, 'JESSAMINE GAELA', 'SANDOVAL NIEVES', '90205651', 'SEGUNDO', 'Primaria', 'D', 1),
	(1165, 'NORKA ABIGAIL', 'SEMINARIO TAVARA', '90355176', 'SEGUNDO', 'Primaria', 'D', 1),
	(1166, 'DANNA SOFIA', 'SIANCAS CAMACHO', '90543132', 'SEGUNDO', 'Primaria', 'D', 1),
	(1167, 'DULCE GAHELA', 'TORRES CORONADO', '90490982', 'SEGUNDO', 'Primaria', 'D', 1),
	(1168, 'BRIANA VALENTINA', 'VALDEZ JARAMILLO', '90284412', 'SEGUNDO', 'Primaria', 'D', 1),
	(1169, 'VALENTINA GUADALUPE', 'VALENCIA YAMUNAQUE', '90251419', 'SEGUNDO', 'Primaria', 'D', 1),
	(1170, 'LUNA CRISTHELL', 'VASQUEZ LOPEZ', '90459114', 'SEGUNDO', 'Primaria', 'D', 1),
	(1171, 'DANA MAIA', 'VASQUEZ RUIZ', '90582664', 'SEGUNDO', 'Primaria', 'D', 1),
	(1172, 'ASHLEY YULIANA', 'VEINTIMILLA MONTALBAN', '90362866', 'SEGUNDO', 'Primaria', 'D', 1),
	(1173, 'ELISSA BELÉN', 'VIDAL GONZALES', '90554710', 'SEGUNDO', 'Primaria', 'D', 1),
	(1174, 'MIA KALESI VALENTINA', 'VILLARREAL ZAPATA', '90712866', 'SEGUNDO', 'Primaria', 'D', 1),
	(1175, 'MARIA PAZ', 'ALBUJAR ZUÑIGA', '79993892', 'TERCERO', 'Primaria', 'A', 1),
	(1176, 'ABBY NAYBI', 'ALVARADO CALDERON', '79932867', 'TERCERO', 'Primaria', 'A', 1),
	(1177, 'DALESKA VALENTINA', 'AREVALO SAENZ', '79753740', 'TERCERO', 'Primaria', 'A', 1),
	(1178, 'ALESSIA SHAREL', 'CANGO CHECA', '90012344', 'TERCERO', 'Primaria', 'A', 1),
	(1179, 'LUHANA ABIGAIL AYDA', 'CASTILLO LORA', '90048663', 'TERCERO', 'Primaria', 'A', 1),
	(1180, 'LUNA ÁMBAR JHULIANA', 'CASTILLO MIÑAN', '79796989', 'TERCERO', 'Primaria', 'A', 1),
	(1181, 'ASIEL GIANA', 'CASTILLO SILVA', '79809959', 'TERCERO', 'Primaria', 'A', 1),
	(1182, 'HARUMI ELISA', 'CASTRO NOLE', '79797863', 'TERCERO', 'Primaria', 'A', 1),
	(1183, 'SANDRA MIRELLA', 'CHAVEZ CHAFLOQUE', '79611453', 'TERCERO', 'Primaria', 'A', 1),
	(1184, 'BRIANA GUADALUPE', 'CORREA BRUNO', '79989923', 'TERCERO', 'Primaria', 'A', 1),
	(1185, 'DEICA LUZ KALLESSY', 'COVEÑAS RUESTAS', '79829647', 'TERCERO', 'Primaria', 'A', 1),
	(1186, 'ESTRELLA NAOMI', 'CUSTODIO LLAROS', '90114913', 'TERCERO', 'Primaria', 'A', 1),
	(1187, 'FLAVIA VALENTINA', 'FOX NAVARRO', '79989505', 'TERCERO', 'Primaria', 'A', 1),
	(1188, 'NADYA CAROLINA', 'GARCIA NOLE', '79759832', 'TERCERO', 'Primaria', 'A', 1),
	(1189, 'MIRELLA LUNA BELEN', 'GODOS VALDEZ', '90113752', 'TERCERO', 'Primaria', 'A', 1),
	(1190, 'NESLY ABIGAHIL', 'GUTIERREZ RAMOS', '79806935', 'TERCERO', 'Primaria', 'A', 1),
	(1191, 'ESTHEFANY DEYANIRA', 'HERRERA GIRON', '79812624', 'TERCERO', 'Primaria', 'A', 1),
	(1192, 'YARITZA ALEXANDRA', 'MEDINA ESPINOZA', '90049250', 'TERCERO', 'Primaria', 'A', 1),
	(1193, 'BRIANNA MICHELA', 'MONDRAGON ESCAJADILLO', '79113668', 'TERCERO', 'Primaria', 'A', 1),
	(1194, 'CRISTINA GUADALUPE', 'OLIVARES MACALUPU', '79765963', 'TERCERO', 'Primaria', 'A', 1),
	(1195, 'KAYLIE FABIANA', 'PEÑA VALDIVIEZO', '79999578', 'TERCERO', 'Primaria', 'A', 1),
	(1196, 'SCARLETT VALENTINA', 'PICON CARREÑO', '90027668', 'TERCERO', 'Primaria', 'A', 1),
	(1197, 'ARIANA YAMILETH', 'POZO ATOCHE', '79641541', 'TERCERO', 'Primaria', 'A', 1),
	(1198, 'ALISSÓN RAFAELA', 'QUEVEDO ATOCHE', '79686292', 'TERCERO', 'Primaria', 'A', 1),
	(1199, 'LIETTA', 'REYES CAMACHO', '79692773', 'TERCERO', 'Primaria', 'A', 1),
	(1200, 'ASHLIE LEILA', 'REYES FLORES', '90027317', 'TERCERO', 'Primaria', 'A', 1),
	(1201, 'THREYSI ALEXANDRA', 'ROSALES MONTENEGRO', '79852310', 'TERCERO', 'Primaria', 'A', 1),
	(1202, 'ANDREA VALENTINA', 'SAAVEDRA ALBURQUEQUE', '90106804', 'TERCERO', 'Primaria', 'A', 1),
	(1203, 'ZAORY YOMIRA', 'VASQUEZ GARCIA', '79754378', 'TERCERO', 'Primaria', 'A', 1),
	(1204, 'ASLHEY CAMILA', 'VICENTE TORRES', '79801668', 'TERCERO', 'Primaria', 'A', 1),
	(1205, 'LUANA KALESI', 'YESAN RIOS', '90110876', 'TERCERO', 'Primaria', 'A', 1),
	(1206, 'MARIFE ALEJANDRA', 'ZAPATA PEÑA', '79819441', 'TERCERO', 'Primaria', 'A', 1),
	(1207, 'NAYRA AYLEN', 'ALVAREZ VALDIVIEZO', '79872255', 'TERCERO', 'Primaria', 'B', 1),
	(1208, 'IVANIA JESSAMIN', 'APONTE ROSALES', '79627442', 'TERCERO', 'Primaria', 'B', 1),
	(1209, 'VANIA KALHESSI', 'APONTE ROSALES', '79627420', 'TERCERO', 'Primaria', 'B', 1),
	(1210, 'AITANA KANSÚ', 'ATO BARAHONA', '79448400', 'TERCERO', 'Primaria', 'B', 1),
	(1211, 'GABRIELA KAREL', 'ATOCHE SANDOVAL', '90053742', 'TERCERO', 'Primaria', 'B', 1),
	(1212, 'KIANA DALESKA', 'BRUNO CURAY', '90233397', 'TERCERO', 'Primaria', 'B', 1),
	(1213, 'ANGELA KRISTELL', 'CABREJOS RIVERA', '79797371', 'TERCERO', 'Primaria', 'B', 1),
	(1214, 'KIYARI GABRIELA', 'CALDERON CASTRO', '79888685', 'TERCERO', 'Primaria', 'B', 1),
	(1215, 'JADE ELENA', 'CENEPO ALAMA', '79663110', 'TERCERO', 'Primaria', 'B', 1),
	(1216, 'ASTRID AHINOA', 'CHIROQUE CHINGA', '90148450', 'TERCERO', 'Primaria', 'B', 1),
	(1217, 'YERALDINE YAMILETH', 'CHUQUIHUANGA VALVERDE', '79986159', 'TERCERO', 'Primaria', 'B', 1),
	(1218, 'FRANSHESCA VALENTINA', 'CORREA GOICOCHEA', '90142078', 'TERCERO', 'Primaria', 'B', 1),
	(1219, 'EMILY RAFAela', 'CURIPUMA NORIEGA', '79834625', 'TERCERO', 'Primaria', 'B', 1),
	(1220, 'IZUMI FABIANA', 'ESPINOZA DELGADO', '79125553', 'TERCERO', 'Primaria', 'B', 1),
	(1221, 'NASLLY GUADALUPE', 'FERIA DIOSES', '90179498', 'TERCERO', 'Primaria', 'B', 1),
	(1222, 'IVANA DEL ROCIO', 'FLORES SEMINARIO', '79512600', 'TERCERO', 'Primaria', 'B', 1),
	(1223, 'SAHORY NAILIN', 'GONZALES NOLE', '90695740', 'TERCERO', 'Primaria', 'B', 1),
	(1224, 'DAYSI SHOLAYNCS', 'GUEVARA SIRLOPU', '90061686', 'TERCERO', 'Primaria', 'B', 1),
	(1225, 'JADE ELIF', 'JABO CURAY', '79952257', 'TERCERO', 'Primaria', 'B', 1),
	(1226, 'ARCILIA LICED', 'JIMENEZ ALAMA', '79939417', 'TERCERO', 'Primaria', 'B', 1),
	(1227, 'SOFIA NICOLLE', 'LUZARDO YENGSANG', '79839086', 'TERCERO', 'Primaria', 'B', 1),
	(1228, 'ROSIE KARLET VALENTINA', 'MANCILLA SARANGO', '79840974', 'TERCERO', 'Primaria', 'B', 1),
	(1229, 'ANA VALENTINA', 'MAURICIO SALDARRIAGA', '90082035', 'TERCERO', 'Primaria', 'B', 1),
	(1230, 'VICTORIA DE LOS MILAGROS', 'MECA ALBURQUEQUE', '79453365', 'TERCERO', 'Primaria', 'B', 1),
	(1231, 'XOHANA NAYDY', 'MIRANDA TALLEDO', '93218699', 'TERCERO', 'Primaria', 'B', 1),
	(1232, 'KORINA LUCIANA', 'MORALES ORTIZ', '79854890', 'TERCERO', 'Primaria', 'B', 1),
	(1233, 'FABIA VALENTINA', 'MORAN DEL AGUILA', '79733843', 'TERCERO', 'Primaria', 'B', 1),
	(1234, 'BRIANA YISET', 'OBLEA CASTILLO', '79768992', 'TERCERO', 'Primaria', 'B', 1),
	(1235, 'YAHAIRA JHERITZA', 'OKAMURA CARMEN', '90128396', 'TERCERO', 'Primaria', 'B', 1),
	(1236, 'ANYEL KAILIN', 'OKAMURA VENCES', '90134209', 'TERCERO', 'Primaria', 'B', 1),
	(1237, 'MARIA GUADALUPE', 'PASICHE VIDAL', '93712333', 'TERCERO', 'Primaria', 'B', 1),
	(1238, 'LUCIANA MAYBET', 'PEÑA CANGO', '90066002', 'TERCERO', 'Primaria', 'B', 1),
	(1239, 'AISHA MÍA', 'PULACHE GUTIERREZ', '90013699', 'TERCERO', 'Primaria', 'B', 1),
	(1240, 'MARIA TERESA', 'QUEVEDO SANCARRANCO', '79411099', 'TERCERO', 'Primaria', 'B', 1),
	(1241, 'LUCIANA MELINA NICOLE', 'RETO SALES', '79987492', 'TERCERO', 'Primaria', 'B', 1),
	(1242, 'AYSA NEFERTARY', 'RIVERA RUIZ', '90062481', 'TERCERO', 'Primaria', 'B', 1),
	(1243, 'BRIANA NICOL', 'RODRIGUEZ RUIZ', '90056005', 'TERCERO', 'Primaria', 'B', 1),
	(1244, 'MARIA JULIA MELISSA', 'SANCHEZ REYES', '79819077', 'TERCERO', 'Primaria', 'B', 1),
	(1245, 'KIMBERLY XIOMARY', 'VALDEZ GUZMAN', '79646443', 'TERCERO', 'Primaria', 'B', 1),
	(1246, 'YARUMI ALEJANDRA', 'ZAPATA ECA', '92780845', 'TERCERO', 'Primaria', 'B', 1),
	(1247, 'MERCEDES YAMILETH', 'ABAD TORRES', '90121749', 'TERCERO', 'Primaria', 'C', 1),
	(1248, 'STEPHANIA VALENTINA', 'ALVARADO REYES', '90052773', 'TERCERO', 'Primaria', 'C', 1),
	(1249, 'ESTHEFANY GUADALUPE', 'ASTUDILLO MARQUEZ', '79746401', 'TERCERO', 'Primaria', 'C', 1),
	(1250, 'EMILY GAELA', 'BECERRA JUAREZ', '90065741', 'TERCERO', 'Primaria', 'C', 1),
	(1251, 'VICTORIA VALENTINA', 'CASTRO CISNEROS', '79744120', 'TERCERO', 'Primaria', 'C', 1),
	(1252, 'BRIANA VALENTINA', 'CHAVEZ AVILA', '79699083', 'TERCERO', 'Primaria', 'C', 1),
	(1253, 'IVANA VALERY CRISTHELL', 'CHERO INFANTE', '79850368', 'TERCERO', 'Primaria', 'C', 1),
	(1254, 'KHILLARY ASHLEY', 'CHIROQUE FLORES', '79763772', 'TERCERO', 'Primaria', 'C', 1),
	(1255, 'GÍA GAELA THAIZ', 'CULQUICONDOR CHECA', '79656809', 'TERCERO', 'Primaria', 'C', 1),
	(1256, 'LUANA VALERIA', 'DE LA CRUZ GARCIA', '79855370', 'TERCERO', 'Primaria', 'C', 1),
	(1257, 'GUADALUPE ALEXANDRA', 'GARCIA CORREA', '79835749', 'TERCERO', 'Primaria', 'C', 1),
	(1258, 'LUCIANA KATHERINE', 'GARCIA OLAYA', '90086793', 'TERCERO', 'Primaria', 'C', 1),
	(1259, 'ARELHY VALENTINA', 'GOYES PLUCKER', '79828152', 'TERCERO', 'Primaria', 'C', 1),
	(1260, 'ALEXA YARUMI', 'JACINTO CORREA', '90041342', 'TERCERO', 'Primaria', 'C', 1),
	(1261, 'BRIANY ARLET', 'JUAREZ ALVARADO', '90148544', 'TERCERO', 'Primaria', 'C', 1),
	(1262, 'EMILY VALENTINA', 'MANCHAY VALDIVIEZO', '79683190', 'TERCERO', 'Primaria', 'C', 1),
	(1263, 'ADRIANA CATALEYA', 'MENDOZA PALACIOS', '90116698', 'TERCERO', 'Primaria', 'C', 1),
	(1264, 'EMILY CRISTEL', 'NAVARRO MURO', '79154458', 'TERCERO', 'Primaria', 'C', 1),
	(1265, 'ARANZA GUADALUPE', 'ORTIZ SIGY', '79740394', 'TERCERO', 'Primaria', 'C', 1),
	(1266, 'NATHANIEL GIANELLA', 'PARIATON RAMIREZ', '79998712', 'TERCERO', 'Primaria', 'C', 1),
	(1267, 'JACORY JASUMY', 'RAMIREZ ALBERCA', '79795089', 'TERCERO', 'Primaria', 'C', 1),
	(1268, 'YIA ANTONELLA', 'RAMOS AGURTO', '79282868', 'TERCERO', 'Primaria', 'C', 1),
	(1269, 'LUCIANA MAYTTE', 'RODRIGUEZ CASTILLO', '79789566', 'TERCERO', 'Primaria', 'C', 1),
	(1270, 'ANYELINA YASHAIR', 'RODRIGUEZ FLORES', '79694991', 'TERCERO', 'Primaria', 'C', 1),
	(1271, 'DARALY PAMELA', 'ROSALES VERA', '79985388', 'TERCERO', 'Primaria', 'C', 1),
	(1272, 'RAMONA CATALEYA', 'RUIZ MENDOZA', '79852478', 'TERCERO', 'Primaria', 'C', 1),
	(1273, 'NAHOMY ANTHONELLA', 'SERNA CAREY', '79781432', 'TERCERO', 'Primaria', 'C', 1),
	(1274, 'KALEXY XIOMARA', 'TAVARA SALDARRIAGA', '79780551', 'TERCERO', 'Primaria', 'C', 1),
	(1275, 'MARÍA JOSÉ DE LOS MILAGROS', 'TINEO CORONEL', '79812405', 'TERCERO', 'Primaria', 'C', 1),
	(1276, 'JARETH VALENTINA', 'URBINA VILLEGAS', '79789081', 'TERCERO', 'Primaria', 'C', 1),
	(1277, 'DULCE ANGELY', 'VILLARREAL VILLARREAL', '90107921', 'TERCERO', 'Primaria', 'C', 1),
	(1278, 'ZOETH VALENTina', 'YESAN CRUZADO', '79597899', 'TERCERO', 'Primaria', 'C', 1),
	(1279, 'MARIA DE LOS ANGELES', 'ZAPATA CRUZ', '79122774', 'TERCERO', 'Primaria', 'C', 1),
	(1280, 'GIA AITANA', 'ZAPATA MURILLO', '79855785', 'TERCERO', 'Primaria', 'C', 1),
	(1281, 'BREYCI YAMILE', 'ZAPATA PARDO', '79665534', 'TERCERO', 'Primaria', 'C', 1),
	(1282, 'ALONDRA KRISTEL', 'AGURTO OVIEDO', '79786827', 'TERCERO', 'Primaria', 'D', 1),
	(1283, 'ASHLY JANILET', 'ALBURQUEQUE JIMENEZ', '79972789', 'TERCERO', 'Primaria', 'D', 1),
	(1284, 'ROMINA YAMILE', 'BURGOS PEÑA', '79651142', 'TERCERO', 'Primaria', 'D', 1),
	(1285, 'DEBORA NOEMI', 'CALDERON GUZMAN', '79819005', 'TERCERO', 'Primaria', 'D', 1),
	(1286, 'GENESIS YAMILET', 'CALDERON SILVA', '79640616', 'TERCERO', 'Primaria', 'D', 1),
	(1287, 'RIHANA BRILLY', 'CASTILLO LUDEÑA', '79634673', 'TERCERO', 'Primaria', 'D', 1),
	(1288, 'MAYRA VICTORIA', 'CHILON ROMERO', '90125142', 'TERCERO', 'Primaria', 'D', 1),
	(1289, 'IVANNA MIJAL', 'CHIRA GUERRERO', '79863542', 'TERCERO', 'Primaria', 'D', 1),
	(1290, 'DORIS CAMILA', 'COCHACHI SALDARRIAGA', '90016662', 'TERCERO', 'Primaria', 'D', 1),
	(1291, 'DANNA YISSEL', 'CORDOVA LULIQUÍS', '79783817', 'TERCERO', 'Primaria', 'D', 1),
	(1292, 'ALMA DAVIELKA', 'CORDOVA NAVARRO', '79705303', 'TERCERO', 'Primaria', 'D', 1),
	(1293, 'XIANA ALEXA', 'DIOSES RAMIREZ', '79835509', 'TERCERO', 'Primaria', 'D', 1),
	(1294, 'VALENTINA BRISSET', 'FARFAN PRIETO', '79611647', 'TERCERO', 'Primaria', 'D', 1),
	(1295, 'VALERY NADESKA', 'GARRIDO MORE', '79750060', 'TERCERO', 'Primaria', 'D', 1),
	(1296, 'YDA ALEXA DE LOS ANGELES', 'GIRON AGURTO', '79698374', 'TERCERO', 'Primaria', 'D', 1),
	(1297, 'BRIANA LARISSA', 'LEYTON CUNYA', '79394040', 'TERCERO', 'Primaria', 'D', 1),
	(1298, 'LUCIANA', 'MEDINA MORAN', '79624075', 'TERCERO', 'Primaria', 'D', 1),
	(1299, 'KAHORY CAMILA', 'MORAN MEJIA', '90273657', 'TERCERO', 'Primaria', 'D', 1),
	(1300, 'EIMY JULIET', 'NAVARRO GUTIERREZ', '79779639', 'TERCERO', 'Primaria', 'D', 1),
	(1301, 'MIA RAFAELLA', 'NAVARRO GUTIERREZ', '90163982', 'TERCERO', 'Primaria', 'D', 1),
	(1302, 'AMY NOEMI', 'NOLE PRIETO', '79468523', 'TERCERO', 'Primaria', 'D', 1),
	(1303, 'ASHLY EMIXY', 'NUÑEZ SOLANO', '79419218', 'TERCERO', 'Primaria', 'D', 1),
	(1304, 'NOELIA NOEMI', 'OTERO CHERO', '79938975', 'TERCERO', 'Primaria', 'D', 1),
	(1305, 'GENESIS YADIRA', 'PLASENCIA OBLEA', '79963652', 'TERCERO', 'Primaria', 'D', 1),
	(1306, 'MELANI YOMIRA', 'PULACHE MENA', '79611873', 'TERCERO', 'Primaria', 'D', 1),
	(1307, 'ABBY DANAE', 'RIVERA MARTINEZ', '79867719', 'TERCERO', 'Primaria', 'D', 1),
	(1308, 'YESSICA YULISSA', 'ROJAS DIAZ', '79960519', 'TERCERO', 'Primaria', 'D', 1),
	(1309, 'VIVIANA DARLETH', 'SALDARRIAGA VASQUEZ', '90130014', 'TERCERO', 'Primaria', 'D', 1),
	(1310, 'ALESKA ZAHORI', 'SILUPU LOPEZ', '79920481', 'TERCERO', 'Primaria', 'D', 1),
	(1311, 'BRIANNA GAHELA', 'TINEDO CRISANTO', '79387500', 'TERCERO', 'Primaria', 'D', 1),
	(1312, 'DAYANA NICOLL', 'VALDIVIEZO MALDONADO', '79653448', 'TERCERO', 'Primaria', 'D', 1),
	(1313, 'MAYLÉN BRIYIT', 'YAHUANA RUGEL', '79983740', 'TERCERO', 'Primaria', 'D', 1),
	(1314, 'MIA ALEXANDRA', 'YANAYACO PASACHE', '79999216', 'TERCERO', 'Primaria', 'D', 1),
	(1315, 'MARÍA FATIMA', 'ZAPATA ROJAS', '90087458', 'TERCERO', 'Primaria', 'D', 1),
	(1316, 'XIMENA SOLANNIE', 'ANDRADE FARIAS', '79496248', 'CUARTO', 'Primaria', 'A', 1),
	(1317, 'BAYOLLET GRISSEL', 'ARRUNATEGUI GARAVITO', '79602554', 'CUARTO', 'Primaria', 'A', 1),
	(1318, 'LIA FABIANA', 'AVILA ZAPATA', '79165423', 'CUARTO', 'Primaria', 'A', 1),
	(1319, 'ELSA VALESKA', 'BURGOS VALLE', '79187398', 'CUARTO', 'Primaria', 'A', 1),
	(1320, 'KIMBERLY ZAHORY', 'CALLE ALAMA', '79230805', 'CUARTO', 'Primaria', 'A', 1),
	(1321, 'CARLA DE LOS MILAGROS', 'CAMPOS ARICA', '79493883', 'CUARTO', 'Primaria', 'A', 1),
	(1322, 'IVANA KRISTELL', 'CHORRES ZAPATA', '81651969', 'CUARTO', 'Primaria', 'A', 1),
	(1323, 'CRISTEL VALERIA', 'CORDERO ARRUNATEGUI', '79615002', 'CUARTO', 'Primaria', 'A', 1),
	(1324, 'KARHIN LIZBET', 'CORDOVA RUIZ', '92529921', 'CUARTO', 'Primaria', 'A', 1),
	(1325, 'BRISTNEY ADRIANA', 'CURAY NUÑEZ', '79219655', 'CUARTO', 'Primaria', 'A', 1),
	(1326, 'ASHLEY MIRELY', 'FARFAN BERRU', '78931438', 'CUARTO', 'Primaria', 'A', 1),
	(1327, 'DANIELA JUDITH', 'GARCIA VIERA', '79361709', 'CUARTO', 'Primaria', 'A', 1),
	(1328, 'ANDREA FERNANDA', 'GONZALES LLACSAHUANGA', '79351225', 'CUARTO', 'Primaria', 'A', 1),
	(1329, 'IDA ZAHORY', 'GUTIERREZ ZAPATA', '79564435', 'CUARTO', 'Primaria', 'A', 1),
	(1330, 'ARIANA PRISCILA', 'HEREDIA BRICEÑO', '79059319', 'CUARTO', 'Primaria', 'A', 1),
	(1331, 'CAMILA ARIANA', 'INOÑAN ZAPATA', '79450512', 'CUARTO', 'Primaria', 'A', 1),
	(1332, 'FLAVIA ADRIANA', 'MIRANDA PALACIOS', '79581475', 'CUARTO', 'Primaria', 'A', 1),
	(1333, 'CAMILA VALENTINA', 'NEIRA FARFAN', '79532080', 'CUARTO', 'Primaria', 'A', 1),
	(1334, 'NAYRA ILLARY', 'PALACIOS RAMOS', '79168315', 'CUARTO', 'Primaria', 'A', 1),
	(1335, 'SHANIA HAILLY', 'PULACHE PAREDES', '79591481', 'CUARTO', 'Primaria', 'A', 1),
	(1336, 'JOHANA KAMILA', 'RAMIREZ GUARNIZO', '79430848', 'CUARTO', 'Primaria', 'A', 1),
	(1337, 'ANNIE DEL CARMEN', 'RAMOS PACHERREZ', '79210454', 'CUARTO', 'Primaria', 'A', 1),
	(1338, 'ANGELA MARIEL', 'RENTERIA VALLE', '79084832', 'CUARTO', 'Primaria', 'A', 1),
	(1339, 'AISHA GRISEL', 'REYES FLORES', '79058265', 'CUARTO', 'Primaria', 'A', 1),
	(1340, 'IVETTE KAORY', 'REYES SANCHEZ', '79090224', 'CUARTO', 'Primaria', 'A', 1),
	(1341, 'GIANIRA ABIGAIL', 'RUMICHE ORTIZ', '79329582', 'CUARTO', 'Primaria', 'A', 1),
	(1342, 'AISHA NOELANY SHIRELD', 'SANDOVAL SAUCEDO', '79091488', 'CUARTO', 'Primaria', 'A', 1),
	(1343, 'TYAINA GUADALUPE', 'SEDAMANO MASIAS', '79202765', 'CUARTO', 'Primaria', 'A', 1),
	(1344, 'AYNARA RIHANNA', 'UGAS VASQUEZ', '79192645', 'CUARTO', 'Primaria', 'A', 1),
	(1345, 'BRYANNA VALENTINA', 'VILCHEZ CASTILLO', '79277990', 'CUARTO', 'Primaria', 'A', 1),
	(1346, 'ALEXIA KAMILA', 'YAMUNAQUE SUAREZ', '79453258', 'CUARTO', 'Primaria', 'A', 1),
	(1347, 'BRITHANY DE LOS ANGELES', 'YNGA VIERA', '79534949', 'CUARTO', 'Primaria', 'A', 1),
	(1348, 'DARITXA KALEY', 'ZETA NAVARRO', '79424259', 'CUARTO', 'Primaria', 'A', 1),
	(1349, 'BELINDA JULIETA', 'ALVAREZ MURILLO', '79126172', 'CUARTO', 'Primaria', 'B', 1),
	(1350, 'DALESHKA YALLÍ', 'BERRU HUANCAS', '79390304', 'CUARTO', 'Primaria', 'B', 1),
	(1351, 'BIANCA VICTORIA', 'CASARIEGO ZAVALA', '79329202', 'CUARTO', 'Primaria', 'B', 1),
	(1352, 'DANIELA YAKORI', 'CASTRO GUTIERREZ', '93283047', 'CUARTO', 'Primaria', 'B', 1),
	(1353, 'VALENTINA BRILLIT', 'CHUICA SALAZAR', '79213634', 'CUARTO', 'Primaria', 'B', 1),
	(1354, 'YAZAHELLA NAYARA', 'DELGADO VARGAS', '79283587', 'CUARTO', 'Primaria', 'B', 1),
	(1355, 'IVANA ABIGAIL', 'FALLA CALLE', '79345456', 'CUARTO', 'Primaria', 'B', 1),
	(1356, 'YASBELL VALENTINA', 'FIGALLO ROSALES', '79278490', 'CUARTO', 'Primaria', 'B', 1),
	(1357, 'THYANA MYLUFER', 'GUTIERREZ PLUCKER', '79289098', 'CUARTO', 'Primaria', 'B', 1),
	(1358, 'KAORY NICKOL', 'JACINTO GOYCOCHEA', '79505974', 'CUARTO', 'Primaria', 'B', 1),
	(1359, 'BRITHANY IRIZUMY', 'JARAMILLO ADANAQUE', '79391043', 'CUARTO', 'Primaria', 'B', 1),
	(1360, 'JASHLY SAMIRA', 'JIMENEZ SAAVEDRA', '79196428', 'CUARTO', 'Primaria', 'B', 1),
	(1361, 'MARIANGEL', 'KANASHIRO NOLE', '79168348', 'CUARTO', 'Primaria', 'B', 1),
	(1362, 'BRIANNA JASIEL', 'MAZA CASTRO', '79287642', 'CUARTO', 'Primaria', 'B', 1),
	(1363, 'ALISSON DE LOS MILAGROS', 'MEDINA RIVERA', '79112730', 'CUARTO', 'Primaria', 'B', 1),
	(1364, 'NAOMI BELEN', 'MEZONES PEÑA', '79452381', 'CUARTO', 'Primaria', 'B', 1),
	(1365, 'AMY NAELA', 'MOGOLLON RUIZ', '79111134', 'CUARTO', 'Primaria', 'B', 1),
	(1366, 'ALEXANDRA MERCEDES', 'NAVARRO GUTIERREZ', '79308719', 'CUARTO', 'Primaria', 'B', 1),
	(1367, 'BRIHALE VERONICA', 'ORTIZ SILVA', '79287422', 'CUARTO', 'Primaria', 'B', 1),
	(1368, 'HEISEL YOVANI', 'PALACIOS SANCHEZ', '79264851', 'CUARTO', 'Primaria', 'B', 1),
	(1369, 'ALONDRA MARICIELO', 'PALACIOS TUME', '79640279', 'CUARTO', 'Primaria', 'B', 1),
	(1370, 'BRYHANA HAILE', 'PANTA CHECA', '79433717', 'CUARTO', 'Primaria', 'B', 1),
	(1371, 'FRESIA DE LOS MILAGROS', 'PURIZACA JUAREZ', '79769611', 'CUARTO', 'Primaria', 'B', 1),
	(1372, 'DANIA AYSET', 'RUIZ PACHERREZ', '79553560', 'CUARTO', 'Primaria', 'B', 1),
	(1373, 'SOLMAYRA YARYTZA', 'SANCHEZ CARDENAS', '79594483', 'CUARTO', 'Primaria', 'B', 1),
	(1374, 'VALERIA ELENA', 'SERNAQUE CRUZ', '79349759', 'CUARTO', 'Primaria', 'B', 1),
	(1375, 'MIA GUADALUPE', 'SILVA BECERRA', '79103596', 'CUARTO', 'Primaria', 'B', 1),
	(1376, 'ISABEL ROSITA', 'SOCOLA CRISANTO', '79411809', 'CUARTO', 'Primaria', 'B', 1),
	(1377, 'GAHELA VALENTINA', 'TALLEDO FERNANDEZ', '79510010', 'CUARTO', 'Primaria', 'B', 1),
	(1378, 'KEIDY XIOMARA', 'VIDAL CAMPOS', '79429704', 'CUARTO', 'Primaria', 'B', 1),
	(1379, 'KRISTELL ALEXA', 'ZAPATA PULACHE', '79561622', 'CUARTO', 'Primaria', 'B', 1),
	(1380, 'AIXA ABIGAIL', 'ZAPATA VILCHEZ', '79114553', 'CUARTO', 'Primaria', 'B', 1),
	(1381, 'AMY SOFÍA', 'ZARATE HERNANDEZ', '79459922', 'CUARTO', 'Primaria', 'B', 1),
	(1382, 'DAYRA ARLET', 'ALAMO CRUZADO', '79582991', 'CUARTO', 'Primaria', 'C', 1),
	(1383, 'NAOMI YETZEL', 'ALVARADO LAVALLE', '79399649', 'CUARTO', 'Primaria', 'C', 1),
	(1384, 'FABIANA CRISTHEL', 'BURGOS ALACHE', '79548615', 'CUARTO', 'Primaria', 'C', 1),
	(1385, 'ALONDRA LUANA', 'CARRASCO CURAY', '78730557', 'CUARTO', 'Primaria', 'C', 1),
	(1386, 'MIA VALESKA', 'CARRASCO YUPANQUI', '79432757', 'CUARTO', 'Primaria', 'C', 1),
	(1387, 'BRIHANA JAZMIN', 'CELI JUAREZ', '79674958', 'CUARTO', 'Primaria', 'C', 1),
	(1388, 'NAIARA VERONICA', 'CEVALLOS GUTIERREZ', '79103555', 'CUARTO', 'Primaria', 'C', 1),
	(1389, 'LIA GUADALUPE', 'CHERO GUTIERREZ', '79250724', 'CUARTO', 'Primaria', 'C', 1),
	(1390, 'ZOE ANNY TAMÍ', 'CRISPIN ALVARADO', '79583483', 'CUARTO', 'Primaria', 'C', 1),
	(1391, 'MARIA JOSÉ VALENTINA', 'FARFAN NAVARRO', '79189539', 'CUARTO', 'Primaria', 'C', 1),
	(1392, 'ADAMARIZ MASCIEL', 'FLORES SOCOLA', '79229144', 'CUARTO', 'Primaria', 'C', 1),
	(1393, 'ARIANA ALEJANDRA', 'GALLO MALDONADO', '79203046', 'CUARTO', 'Primaria', 'C', 1),
	(1394, 'KARLA ARIANA', 'GARCIA CASTILLO', '79493257', 'CUARTO', 'Primaria', 'C', 1),
	(1395, 'BRIGIT DE LOS ANGELES', 'GARCIA COVEÑAS', '79212646', 'CUARTO', 'Primaria', 'C', 1),
	(1396, 'ESTRELLA KAHORY', 'GARCIA JUAREZ', '79421545', 'CUARTO', 'Primaria', 'C', 1),
	(1397, 'WILLIANNYS VALENTINA', 'GONZALEZ JIMENEZ', '81893362', 'CUARTO', 'Primaria', 'C', 1),
	(1398, 'GUISELA ESTRELLA', 'HUAMAN MANAYAY', '79088907', 'CUARTO', 'Primaria', 'C', 1),
	(1399, 'KEREN LORELEIN', 'LITANO SIANCAS', '79114187', 'CUARTO', 'Primaria', 'C', 1),
	(1400, 'REYNA NOEMI', 'MAZA SOJO', '79197454', 'CUARTO', 'Primaria', 'C', 1),
	(1401, 'IVANNA JACKELYNE', 'MONCADA RAMIREZ', '79190191', 'CUARTO', 'Primaria', 'C', 1),
	(1402, 'VALERIA EMPERATRIZ', 'NAVARRO BRICEÑO', '79357137', 'CUARTO', 'Primaria', 'C', 1),
	(1403, 'ALONDRA YAMILETH', 'PACHERRES CASTILLO', '90527962', 'CUARTO', 'Primaria', 'C', 1),
	(1404, 'ALISSON VALERIA', 'PEDRERA CISNEROS', '79566510', 'CUARTO', 'Primaria', 'C', 1),
	(1405, 'FRANCISCA GUADALUPE', 'PEREZ JULCA', '79095478', 'CUARTO', 'Primaria', 'C', 1),
	(1406, 'KIARA DENÍS', 'PRECIADO OLIVARES', '79458665', 'CUARTO', 'Primaria', 'C', 1),
	(1407, 'GIA ANTONELLA', 'RIVERA CELI', '79339264', 'CUARTO', 'Primaria', 'C', 1),
	(1408, 'BRIANA JAMILET', 'RODRIGUEZ VIERA', '79485287', 'CUARTO', 'Primaria', 'C', 1),
	(1409, 'ALEJANDRA VALERIA', 'ROMERO BARDALES', '79087059', 'CUARTO', 'Primaria', 'C', 1),
	(1410, 'LÍA IVANNA', 'SANCHEZ SIHUAY', '79496134', 'CUARTO', 'Primaria', 'C', 1),
	(1411, 'MARÍA ALEJANDRA', 'TINOCO TAVARA', '79377641', 'CUARTO', 'Primaria', 'C', 1),
	(1412, 'SARAI ANTUANET', 'URBINA JIMENEZ', '79422570', 'CUARTO', 'Primaria', 'C', 1),
	(1413, 'NICKOLLE VALENTINA', 'VALIENTE PURIZACA', '79530685', 'CUARTO', 'Primaria', 'C', 1),
	(1414, 'MARIA DE GUADALUPE', 'VILCHEZ GUAYLUPO', '79092438', 'CUARTO', 'Primaria', 'C', 1),
	(1415, 'MILUFER VICTORIA', 'ALBORNOZ RUIZ', '79194702', 'CUARTO', 'Primaria', 'D', 1),
	(1416, 'AIELA MARDIE AMBERLETT', 'ARENAS NUNURA', '79307862', 'CUARTO', 'Primaria', 'D', 1),
	(1417, 'BRIANNA YEILYN', 'AVILA FLORES', '79244706', 'CUARTO', 'Primaria', 'D', 1),
	(1418, 'ANA CLAUDIA', 'AYALA GARCIA', '79525133', 'CUARTO', 'Primaria', 'D', 1),
	(1419, 'BRIANNA MAYTE', 'CAMPOVERDE HUAYAMA', '79502523', 'CUARTO', 'Primaria', 'D', 1),
	(1420, 'BRUNELLA SOFÍA', 'CASTILLO AQUINO', '79106590', 'CUARTO', 'Primaria', 'D', 1),
	(1421, 'JUDITH ARELI', 'CHERO ROA', '79213711', 'CUARTO', 'Primaria', 'D', 1),
	(1422, 'ALISON KRYSTHELL', 'COBA NOLE', '79270516', 'CUARTO', 'Primaria', 'D', 1),
	(1423, 'ALESKA ARELIZ', 'CORDOVA LITANO', '79208532', 'CUARTO', 'Primaria', 'D', 1),
	(1424, 'BRENDA IVETH', 'GARCIA NOLE', '79096292', 'CUARTO', 'Primaria', 'D', 1),
	(1425, 'THAILY ZHOEMY', 'GUERRERO CALOPINO', '79407921', 'CUARTO', 'Primaria', 'D', 1),
	(1426, 'GAELY DAGMAR', 'LECARNAQUE MAZA', '79293398', 'CUARTO', 'Primaria', 'D', 1),
	(1427, 'BRITHANY MAYTE', 'LLACSAHUANGA ZAPATA', '79332250', 'CUARTO', 'Primaria', 'D', 1),
	(1428, 'VIOLETA LINNEY', 'LOPEZ TICONA', '79516681', 'CUARTO', 'Primaria', 'D', 1),
	(1429, 'AITANNA LITAE', 'MACHERO GUZMAN', '79427225', 'CUARTO', 'Primaria', 'D', 1),
	(1430, 'LUCIANA JAZIEL', 'MORALES PAUCAR', '79204254', 'CUARTO', 'Primaria', 'D', 1),
	(1431, 'VANIA BRIGITH', 'MORALES VARGAS', '79571366', 'CUARTO', 'Primaria', 'D', 1),
	(1432, 'SAHORY ANTUANET', 'MORE VIERA', '79533062', 'CUARTO', 'Primaria', 'D', 1),
	(1433, 'DALESKA ANTHONELLA', 'NEYRA CARRASCO', '79307866', 'CUARTO', 'Primaria', 'D', 1),
	(1434, 'GENESIS GAHELA', 'OTOYA RODRIGUEZ', '79482965', 'CUARTO', 'Primaria', 'D', 1),
	(1435, 'KENDRA VALENTINA', 'RIOS CASTILLO', '79354745', 'CUARTO', 'Primaria', 'D', 1),
	(1436, 'KAORY DALESKA', 'ROJAS GARCIA', '79344727', 'CUARTO', 'Primaria', 'D', 1),
	(1437, 'IVANA NOEMI', 'ROMERO CHERO', '79276179', 'CUARTO', 'Primaria', 'D', 1),
	(1438, 'ARIANA BRISBANY', 'ROSALES SARANGO', '79225015', 'CUARTO', 'Primaria', 'D', 1),
	(1439, 'ARIANA ZOE', 'RUIZ GALVEZ', '79207168', 'CUARTO', 'Primaria', 'D', 1),
	(1440, 'ZOE VALENTINA', 'SALAZAR SANCHEZ', '79412849', 'CUARTO', 'Primaria', 'D', 1),
	(1441, 'SABRINA VALENTINA', 'TAVARA CRUZ', '79344331', 'CUARTO', 'Primaria', 'D', 1),
	(1442, 'ALEXA MAINE', 'URDANIGA MENA', '79471306', 'CUARTO', 'Primaria', 'D', 1),
	(1443, 'LUCIANA MERCEDES', 'VASQUEZ FIESTAS', '79095324', 'CUARTO', 'Primaria', 'D', 1),
	(1444, 'BRYANNA NIKOLL', 'VIERA NUÑEZ', '79290593', 'CUARTO', 'Primaria', 'D', 1),
	(1445, 'ALONDRA MAYTHE', 'VIERA RETO', '79385593', 'CUARTO', 'Primaria', 'D', 1),
	(1446, 'ANGELY MIKEYLA', 'VILLEGAS MURGUIA', '79469833', 'CUARTO', 'Primaria', 'D', 1),
	(1447, 'ADELI ESTEFANI', 'ACOSTA ORDOÑEZ', '78553962', 'QUINTO', 'Primaria', 'A', 1),
	(1448, 'GIA KRISTEL AYLIN', 'ARANDA MACHA', '78927557', 'QUINTO', 'Primaria', 'A', 1),
	(1449, 'EMILY LUCIA', 'ARCELES CHIRA', '78649791', 'QUINTO', 'Primaria', 'A', 1),
	(1450, 'FERNANDA KRISTEL', 'ATARAMA CASTILLO', '81585802', 'QUINTO', 'Primaria', 'A', 1),
	(1451, 'AYLIN DAYANA', 'BAUTISTA REYES', '81597070', 'QUINTO', 'Primaria', 'A', 1),
	(1452, 'JOHELY FABIOLA', 'CASTRO MORALES', '78599962', 'QUINTO', 'Primaria', 'A', 1),
	(1453, 'TATIAM JULEISI DEL CARMEN', 'CASTRO ZAPATA', '78898580', 'QUINTO', 'Primaria', 'A', 1),
	(1454, 'ALESKA MILET', 'DE LA CRUZ MEJIA', '78639577', 'QUINTO', 'Primaria', 'A', 1),
	(1455, 'ARIANA MAKOL', 'FLORES SOCOLA', '78074464', 'QUINTO', 'Primaria', 'A', 1),
	(1456, 'IVANA NATHANIEL', 'GARRIDO BARRIENTOS', '78939083', 'QUINTO', 'Primaria', 'A', 1),
	(1457, 'EMILY LUANA', 'GUILLEN DIOSES', '79027911', 'QUINTO', 'Primaria', 'A', 1),
	(1458, 'EYMI GIANELLA', 'JIMENEZ AREVALO', '78776998', 'QUINTO', 'Primaria', 'A', 1),
	(1459, 'LUHANA CATALEYA', 'JIMENEZ SALCEDO', '78749988', 'QUINTO', 'Primaria', 'A', 1),
	(1460, 'LUCIANA ESTEFANIA', 'MACHERO LOPEZ', '78669602', 'QUINTO', 'Primaria', 'A', 1),
	(1461, 'ZADY NAOMY', 'MAURICIO GIRON', '78599658', 'QUINTO', 'Primaria', 'A', 1),
	(1462, 'ARIALE ADRIANA', 'MERECI APARICIO', '78332272', 'QUINTO', 'Primaria', 'A', 1),
	(1463, 'KATHERIN GUADALUPE', 'MORALES LOPEZ', '78961225', 'QUINTO', 'Primaria', 'A', 1),
	(1464, 'BEATRIZ MARIA GRACIA', 'MORALES NAVARRO', '78631651', 'QUINTO', 'Primaria', 'A', 1),
	(1465, 'NAYESLI MAJHAL', 'NAVARRO RIVERA', '78809621', 'QUINTO', 'Primaria', 'A', 1),
	(1466, 'JESSICA VALENTINA', 'NOLE OJEDA', '78978119', 'QUINTO', 'Primaria', 'A', 1),
	(1467, 'KARLA GUADALUPE', 'OLAYA GONZALES', '78616862', 'QUINTO', 'Primaria', 'A', 1),
	(1468, 'JADE JIMENA', 'RAMOS CALDERON', '78927247', 'QUINTO', 'Primaria', 'A', 1),
	(1469, 'LEYSI ANHELI', 'RAMOS REQUENA', '78756845', 'QUINTO', 'Primaria', 'A', 1),
	(1470, 'QUIRIATH KRISSLEY', 'REYES LA TORRE', '78578017', 'QUINTO', 'Primaria', 'A', 1),
	(1471, 'MIA KAORY', 'REYES VILLEGAS', '78665987', 'QUINTO', 'Primaria', 'A', 1),
	(1472, 'ALESSANDRA LUANA', 'RUIZ AGURTO', '79020291', 'QUINTO', 'Primaria', 'A', 1),
	(1473, 'KATHIANA YASBEL', 'SANTOS PAUCAR', '78780711', 'QUINTO', 'Primaria', 'A', 1),
	(1474, 'BRIANNA ANALIA', 'SUAREZ LEON', '79270915', 'QUINTO', 'Primaria', 'A', 1),
	(1475, 'JAZMIN GUADALUPE', 'VILLEGAS ALBAN', '78705106', 'QUINTO', 'Primaria', 'A', 1),
	(1476, 'DANNA CAMILA', 'ZAPATA FERNANDEZ', '78593278', 'QUINTO', 'Primaria', 'A', 1),
	(1477, 'KAORI BRIGHIT', 'ALAMA GARCIA', '79019252', 'QUINTO', 'Primaria', 'B', 1),
	(1478, 'ALMENDRA VALESKA', 'ALBURQUEQUE CUEVA', '78892948', 'QUINTO', 'Primaria', 'B', 1),
	(1479, 'LEIDY VERONICA', 'ALEMAN SANCHEZ', '78839006', 'QUINTO', 'Primaria', 'B', 1),
	(1480, 'DAYANA VALESKA', 'ATOCHA CHUMACERO', '81545378', 'QUINTO', 'Primaria', 'B', 1),
	(1481, 'AKACIA BRUNELLA', 'CASTRO CORDOVA', '78917309', 'QUINTO', 'Primaria', 'B', 1),
	(1482, 'BRUNELA THAÍS', 'CHORRES REQUENA', '78641014', 'QUINTO', 'Primaria', 'B', 1),
	(1483, 'KEILA ABIGAIL', 'CRIOLLO RAMOS', '81175922', 'QUINTO', 'Primaria', 'B', 1),
	(1484, 'LUHANA YAMILET', 'DEL ROSARIO GOMEZ', '78861593', 'QUINTO', 'Primaria', 'B', 1),
	(1485, 'AYLIN MILESH', 'ESCOBAR GARCIA', '78700424', 'QUINTO', 'Primaria', 'B', 1),
	(1486, 'MARÍA ALEJANDRA', 'FARFAN SAAVEDRA', '78671245', 'QUINTO', 'Primaria', 'B', 1),
	(1487, 'SAADYA ARICY', 'FLORES VEGA', '78582459', 'QUINTO', 'Primaria', 'B', 1),
	(1488, 'ALEXSA JIMENA', 'GARCES CORTEZ', '78836827', 'QUINTO', 'Primaria', 'B', 1),
	(1489, 'DANNA SOLEYMY', 'GOMEZ MENDOZA', '78584913', 'QUINTO', 'Primaria', 'B', 1),
	(1490, 'SOFIA CRISTEL', 'GOMEZ TINEO', '78965237', 'QUINTO', 'Primaria', 'B', 1),
	(1491, 'CIELO BELEN', 'GUEVARA NOLE', '79039359', 'QUINTO', 'Primaria', 'B', 1),
	(1492, 'ASHLY EMILY', 'HIDALGO PACHERRES', '78723005', 'QUINTO', 'Primaria', 'B', 1),
	(1493, 'TREYCI ARELLIZ', 'JIMENEZ AQUINO', '78860144', 'QUINTO', 'Primaria', 'B', 1),
	(1494, 'YAZURRY YHAMYLET', 'MARTINEZ CUNYA', '78878420', 'QUINTO', 'Primaria', 'B', 1),
	(1495, 'MIA ELIZABETH', 'MERA ESPINOZA', '78618502', 'QUINTO', 'Primaria', 'B', 1),
	(1496, 'AIXA PAOLA', 'MORALES HERRERA', '78309781', 'QUINTO', 'Primaria', 'B', 1),
	(1497, 'LEACH GUADALUPE', 'NEYRA CHAVEZ', '78895055', 'QUINTO', 'Primaria', 'B', 1),
	(1498, 'ALEXANDRA NAOMY', 'ORDINOLA PARDO', '79040730', 'QUINTO', 'Primaria', 'B', 1),
	(1499, 'SOPHIA MABEL', 'PANTA CORDOVA', '78779391', 'QUINTO', 'Primaria', 'B', 1),
	(1500, 'ILLARY KARELLY', 'PULACHE PAREDES', '78926720', 'QUINTO', 'Primaria', 'B', 1),
	(1501, 'ZOE TAYLOR', 'QUINO CHERRES', '79042421', 'QUINTO', 'Primaria', 'B', 1),
	(1502, 'XIMENA PAOLA', 'SAAVEDRA SALCEDO', '90798871', 'QUINTO', 'Primaria', 'B', 1),
	(1503, 'KIMBERLY YUCSEL', 'URBINA ZETA', '78873175', 'QUINTO', 'Primaria', 'B', 1),
	(1504, 'LIA GUADALUPE', 'VALDIVIEZO FARIAS', '79064808', 'QUINTO', 'Primaria', 'B', 1),
	(1505, 'MARICIELO DEL CARMEN', 'VARGAS LOZADA', '78314106', 'QUINTO', 'Primaria', 'B', 1),
	(1506, 'MYA ALLONDRA', 'VARGAS SANCHEZ', '78996381', 'QUINTO', 'Primaria', 'B', 1),
	(1507, 'CLAUDIA KATHERINE', 'VILELA PEÑA', '78840771', 'QUINTO', 'Primaria', 'B', 1),
	(1508, 'AZNAILA AMIL', 'ZAMBRANO VIERA', '78599488', 'QUINTO', 'Primaria', 'B', 1),
	(1509, 'HAZIEL YAREIMI', 'ZAPATA SILUPU', '78957838', 'QUINTO', 'Primaria', 'B', 1),
	(1510, 'STEPHANIE JANIRA', 'ZEGARRA SIFUENTES', '78574822', 'QUINTO', 'Primaria', 'B', 1),
	(1511, 'AHOME PRESBY NICOLLE', 'ACHA YACILA', '78750832', 'QUINTO', 'Primaria', 'C', 1),
	(1512, 'FABIANNE MAYRIN', 'AMAYA CASTRO', '79056002', 'QUINTO', 'Primaria', 'C', 1),
	(1513, 'GRACIELA ISABEL', 'AREVALO PALACIOS', '78776308', 'QUINTO', 'Primaria', 'C', 1),
	(1514, 'NICOLE IVANA', 'BAUTISTA BANEO', '78750961', 'QUINTO', 'Primaria', 'C', 1),
	(1515, 'GABY VANESSA', 'BURGOS ALACHE', '78820125', 'QUINTO', 'Primaria', 'C', 1),
	(1516, 'MARIANA YXEL', 'CAMPOVERDE HUAYAMA', '78599778', 'QUINTO', 'Primaria', 'C', 1),
	(1517, 'VALERY KRYSTELL', 'CASTILLO ZAPATA', '78771530', 'QUINTO', 'Primaria', 'C', 1),
	(1518, 'JERINA AZENET', 'CHECA GIRON', '78832233', 'QUINTO', 'Primaria', 'C', 1),
	(1519, 'ESTRELLA DE LOS ANGELES', 'CODARLUPO CHAMBA', '78841050', 'QUINTO', 'Primaria', 'C', 1),
	(1520, 'BRUNELLA DANIELA', 'CRISANTO MORAN', '78817542', 'QUINTO', 'Primaria', 'C', 1),
	(1521, 'MAYTÉ GUADALUPE', 'FLORES ATO', '78577154', 'QUINTO', 'Primaria', 'C', 1),
	(1522, 'BIANCA PAOLA', 'GARCIA MARTINEZ', '78765450', 'QUINTO', 'Primaria', 'C', 1),
	(1523, 'ITZEL STEFANIE', 'GONZAGA ALVAREZ', '78604669', 'QUINTO', 'Primaria', 'C', 1),
	(1524, 'ALESKA CRISTEL', 'HERRERA NAVARRO', '78838054', 'QUINTO', 'Primaria', 'C', 1),
	(1525, 'MIA GUADALUPE', 'JUAREZ CASTILLO', '81544861', 'QUINTO', 'Primaria', 'C', 1),
	(1526, 'ASHELY NIRVANA', 'LABAN CRUZ', '78540873', 'QUINTO', 'Primaria', 'C', 1),
	(1527, 'ASHLEY GABRIELA', 'LEYTON CUNYA', '78591063', 'QUINTO', 'Primaria', 'C', 1),
	(1528, 'ARIELA DANARY', 'MADRID REYES', '78788550', 'QUINTO', 'Primaria', 'C', 1),
	(1529, 'ALESSIA MILAGRITOS', 'MORAN ZAMBRANO', '78831405', 'QUINTO', 'Primaria', 'C', 1),
	(1530, 'ESTEFANY GUADALUPE', 'NAVARRO ORTIZ', '78898271', 'QUINTO', 'Primaria', 'C', 1),
	(1531, 'MAYERLY ANTONELLA', 'PACHERREZ ZUÑIGA', '78540562', 'QUINTO', 'Primaria', 'C', 1),
	(1532, 'MAITE DANIELA', 'PINGO RIVERA', '78687409', 'QUINTO', 'Primaria', 'C', 1),
	(1533, 'CAMILA MICHELL', 'RETO CISNEROS', '78961201', 'QUINTO', 'Primaria', 'C', 1),
	(1534, 'MARIANGEL ALEXA', 'REYES ZAPATA', '78768101', 'QUINTO', 'Primaria', 'C', 1),
	(1535, 'ALEJANDRA DE LOS ANGELES', 'REYMUNDO PEREZ', '78660787', 'QUINTO', 'Primaria', 'C', 1),
	(1536, 'DALESHKA LUHANA', 'RODRIGUEZ CHIROQUE', '79040357', 'QUINTO', 'Primaria', 'C', 1),
	(1537, 'MARYURI XIOMARA', 'RUIZ RODRIGUEZ', '79040044', 'QUINTO', 'Primaria', 'C', 1),
	(1538, 'LUHANA NOEMI', 'SANDOVAL REYES', '78771660', 'QUINTO', 'Primaria', 'C', 1),
	(1539, 'ALEXANDRA NAYELI', 'SEMINARIO TINEO', '78758083', 'QUINTO', 'Primaria', 'C', 1),
	(1540, 'MELANIE JULIETH', 'URQUIAGA IPANAQUE', '78979004', 'QUINTO', 'Primaria', 'C', 1),
	(1541, 'SOFIA ESMERALDA', 'VELASCO HIDALGO', '78761703', 'QUINTO', 'Primaria', 'C', 1),
	(1542, 'EMILY ARIANA', 'VIERA HEREDIA', '81584031', 'QUINTO', 'Primaria', 'C', 1),
	(1543, 'NAARA ESLY', 'VILLALTA SANTOS', '78591226', 'QUINTO', 'Primaria', 'C', 1),
	(1544, 'ADELA THAYZ', 'VILLARREAL ZAPATA', '78798380', 'QUINTO', 'Primaria', 'C', 1),
	(1545, 'DAYANA GUADALUPE', 'YARLEQUE AQUINO', '78800485', 'QUINTO', 'Primaria', 'C', 1),
	(1546, 'DALESKA DANARA', 'ALAMA FARIAS', '79321979', 'QUINTO', 'Primaria', 'D', 1),
	(1547, 'YULEXI JORLEY', 'CARMEN ALAMEDA', '78603079', 'QUINTO', 'Primaria', 'D', 1),
	(1548, 'KILLARY SAMANTHA', 'CHERO PACHERREZ', '78643617', 'QUINTO', 'Primaria', 'D', 1),
	(1549, 'MARIA DEL CARMEN', 'CORNEJO RUJEL', '78773072', 'QUINTO', 'Primaria', 'D', 1),
	(1550, 'MARIA ISABEL', 'DAMIAN CARRILLO', '78607708', 'QUINTO', 'Primaria', 'D', 1),
	(1551, 'MAGDIEL TAMAR', 'DE LA CRUZ CARRASCO', '78811864', 'QUINTO', 'Primaria', 'D', 1),
	(1552, 'GENESIS JOHANA', 'ESTRADA GARRIDO', '78909590', 'QUINTO', 'Primaria', 'D', 1),
	(1553, 'AZUMI SCARLE', 'FLORES VILLEGAS', '78733851', 'QUINTO', 'Primaria', 'D', 1),
	(1554, 'DANUSKA YAMILETH', 'GARCIA MEDINA', '78935895', 'QUINTO', 'Primaria', 'D', 1),
	(1555, 'BRUNELLA LILU', 'GIL SEMINARIO', '78755275', 'QUINTO', 'Primaria', 'D', 1),
	(1556, 'NATHANIEL NOEMI', 'GOICOCHEA CHIROQUE', '78842563', 'QUINTO', 'Primaria', 'D', 1),
	(1557, 'ZOLÚ ALEXANDRA', 'GUAYLUPO RIVAS', '78637616', 'QUINTO', 'Primaria', 'D', 1),
	(1558, 'VALERIA FABIANI', 'INOÑAN ZAPATA', '81467052', 'QUINTO', 'Primaria', 'D', 1),
	(1559, 'ROSITA BRIGYTH', 'JUAREZ SINARAHUA', '78682206', 'QUINTO', 'Primaria', 'D', 1),
	(1560, 'SAHORY ALEXANDRA', 'JUNCHAYA JUAREZ', '78680264', 'QUINTO', 'Primaria', 'D', 1),
	(1561, 'GAELY BRUNELLA', 'LECARNAQUE MAZA', '78604738', 'QUINTO', 'Primaria', 'D', 1),
	(1562, 'GAELY FRANSHESCA', 'LECARNAQUE MAZA', '78604712', 'QUINTO', 'Primaria', 'D', 1),
	(1563, 'ALENA YAMILETH', 'MANRIQUE OTERO', '78610046', 'QUINTO', 'Primaria', 'D', 1),
	(1564, 'BRITANY MILLET', 'MECA ALBURQUEQUE', '79714623', 'QUINTO', 'Primaria', 'D', 1),
	(1565, 'JASMIN GERALDNE', 'OBLEA TAVARA', '78559729', 'QUINTO', 'Primaria', 'D', 1),
	(1566, 'ROSITA ISABEL', 'OJEDA FLORES', '78768395', 'QUINTO', 'Primaria', 'D', 1),
	(1567, 'ROMINA ALONDRA', 'OLAYA LOPEZ', '78628213', 'QUINTO', 'Primaria', 'D', 1),
	(1568, 'KYARA ALEJANDRA', 'PACHERRES URRIBURU', '78929726', 'QUINTO', 'Primaria', 'D', 1),
	(1569, 'BRIANA ABIGAIL', 'PAREDES RAMIREZ', '78745441', 'QUINTO', 'Primaria', 'D', 1),
	(1570, 'LUHANA VALENTINA', 'QUINTERO NUÑEZ', '78561798', 'QUINTO', 'Primaria', 'D', 1),
	(1571, 'NATZUKI ZUMIKI', 'RAMIREZ APONTE', '78782954', 'QUINTO', 'Primaria', 'D', 1),
	(1572, 'MIA RAFAELLA', 'RAMOS CANALES', '78841772', 'QUINTO', 'Primaria', 'D', 1),
	(1573, 'DANNA VALESKA', 'RIMAS SOCOLA', '78814693', 'QUINTO', 'Primaria', 'D', 1),
	(1574, 'ROSA ARIANA', 'RODRIGUEZ RUIZ', '78707227', 'QUINTO', 'Primaria', 'D', 1),
	(1575, 'EMILY ANDREA', 'VIERA HEREDIA', '81584032', 'QUINTO', 'Primaria', 'D', 1),
	(1576, 'YALESKA MAYZYHEREH', 'VILLEGAS RAMIREZ', '78537994', 'QUINTO', 'Primaria', 'D', 1),
	(1577, 'ADRIANA CAROLINA', 'YESANG SEMINARIO', '78663852', 'QUINTO', 'Primaria', 'D', 1),
	(1578, 'FLAVIA ANTONELLA', 'ZAPATA CHAPILLIQUEN', '78687323', 'QUINTO', 'Primaria', 'D', 1),
	(1579, 'GRECIA PAOLA', 'ZARATE AREVALO', '78941421', 'QUINTO', 'Primaria', 'D', 1),
	(1580, 'DAFNE MAHAL', 'AGUILAR CASTILLO', '78446685', 'SEXTO', 'Primaria', 'A', 1),
	(1581, 'DANIELA CRISTELL', 'AGURTO VALENCIA', '79416095', 'SEXTO', 'Primaria', 'A', 1),
	(1582, 'VALESKA KRISTEL', 'ARCELES DE LA CRUZ', '78225895', 'SEXTO', 'Primaria', 'A', 1),
	(1583, 'LUCIA MERCEDES', 'ARICA BRUNO', '78380966', 'SEXTO', 'Primaria', 'A', 1),
	(1584, 'YAMELITH SAHOMI', 'CALLE GOMEZ', '78302568', 'SEXTO', 'Primaria', 'A', 1),
	(1585, 'FLAVIA MICHELLE', 'COHEN PACAYA', '78316595', 'SEXTO', 'Primaria', 'A', 1),
	(1586, 'NICOLE ALEJANDRA', 'CORDERO HIDALGO', '78365344', 'SEXTO', 'Primaria', 'A', 1),
	(1587, 'DAYANA YAMILET', 'CORDOVA LULIQUÍS', '78574750', 'SEXTO', 'Primaria', 'A', 1),
	(1588, 'DAHNA ITZEL', 'COVEÑAS GARCIA', '78294589', 'SEXTO', 'Primaria', 'A', 1),
	(1589, 'MARTHA VALESKA', 'ESPINOZA VALLADARES', '78525531', 'SEXTO', 'Primaria', 'A', 1),
	(1590, 'LUCIANA YOJANA', 'GADEA FUENTES', '78087524', 'SEXTO', 'Primaria', 'A', 1),
	(1591, 'STEPHANY GABRIELA', 'GARCES VASQUEZ', '78188052', 'SEXTO', 'Primaria', 'A', 1),
	(1592, 'FLABIA ALEXA', 'GONZALES RUEDA', '78454475', 'SEXTO', 'Primaria', 'A', 1),
	(1593, 'APRIL SAHORY', 'GUTIERREZ PACHERREZ', '78240991', 'SEXTO', 'Primaria', 'A', 1),
	(1594, 'ROMINA DARIANA', 'HERNANDEZ AGURTO', '78405240', 'SEXTO', 'Primaria', 'A', 1),
	(1595, 'EVELYN GRACIELITA', 'HURTADO INFANTE', '79157482', 'SEXTO', 'Primaria', 'A', 1),
	(1596, 'SAHELI JAMILA', 'JIMENEZ MORALES', '63490697', 'SEXTO', 'Primaria', 'A', 1),
	(1597, 'JENNIFER LUHANA', 'LOPEZ PANTA', '78519973', 'SEXTO', 'Primaria', 'A', 1),
	(1598, 'MAYLEN ALEXANDRA', 'MADRID NAVARRO', '78088730', 'SEXTO', 'Primaria', 'A', 1),
	(1599, 'ARIELA YUMARA', 'MEJIAS ALVARADO', '78400947', 'SEXTO', 'Primaria', 'A', 1),
	(1600, 'PIERINA ARANCHA', 'MERINO GARCIA', '78169465', 'SEXTO', 'Primaria', 'A', 1),
	(1601, 'AYLIN DAYERI', 'NAVARRO RAMOS', '78379528', 'SEXTO', 'Primaria', 'A', 1),
	(1602, 'ASHLEY LUANA', 'OJEDA JUAREZ', '78412739', 'SEXTO', 'Primaria', 'A', 1),
	(1603, 'MARIA DE LOS ANGELES', 'ORTIZ LLATAS', '78161894', 'SEXTO', 'Primaria', 'A', 1),
	(1604, 'SARUMY YAMILETH', 'ORTIZ VILLALTA', '78367759', 'SEXTO', 'Primaria', 'A', 1),
	(1605, 'ALESSANDRA DE LOS MILAGROS', 'PAREDES PEÑA', '78136017', 'SEXTO', 'Primaria', 'A', 1),
	(1606, 'GENESIS KAROL', 'PASICHE VIDAL', '78354920', 'SEXTO', 'Primaria', 'A', 1),
	(1607, 'CRISTEL ALONDRA', 'PULACHE CUMBICUS', '78501265', 'SEXTO', 'Primaria', 'A', 1),
	(1608, 'KIMBERLY MIA', 'RAMIREZ LITANO', '78092380', 'SEXTO', 'Primaria', 'A', 1),
	(1609, 'ZAHORY SOLAINH', 'RAMIREZ SALES', '81175955', 'SEXTO', 'Primaria', 'A', 1),
	(1610, 'MAYUMI YAMELY HATZUKY', 'ROMERO ZAPATA', '78486232', 'SEXTO', 'Primaria', 'A', 1),
	(1611, 'SAHORY HERMINIA', 'ROSALES JIMENEZ', '78371817', 'SEXTO', 'Primaria', 'A', 1),
	(1612, 'LUANA VALESKA', 'SANDOVAL SILVA', '78517819', 'SEXTO', 'Primaria', 'A', 1),
	(1613, 'BRITTANY YAMILÉ', 'TORRES CORONADO', '78470334', 'SEXTO', 'Primaria', 'A', 1),
	(1614, 'ZULLY SAMIRA', 'YARLEQUE SEMINARIO', '78299627', 'SEXTO', 'Primaria', 'A', 1),
	(1615, 'ALONDRA KRISTELL', 'ARCELES SEMINARIO', '78314266', 'SEXTO', 'Primaria', 'B', 1),
	(1616, 'VANIA LISBETH', 'ARICA ADRIANZEN', '78167431', 'SEXTO', 'Primaria', 'B', 1),
	(1617, 'DANIELA ALEJANDRA', 'AVILA ZAPATA', '78308592', 'SEXTO', 'Primaria', 'B', 1),
	(1618, 'GENESIS PAOLA', 'BARRANZUELA BECERRA', '78299458', 'SEXTO', 'Primaria', 'B', 1),
	(1619, 'DANIELA BRIGIT', 'CASTILLO HERRERA', '78422030', 'SEXTO', 'Primaria', 'B', 1),
	(1620, 'RIHANNA DELIHA DE LOS MILAGROS', 'CASTILLO RAMIREZ', '78276938', 'SEXTO', 'Primaria', 'B', 1),
	(1621, 'ALONDRA THAILY', 'CORDERO CASTILLO', '78388083', 'SEXTO', 'Primaria', 'B', 1),
	(1622, 'ALMENDRA ABIGAIL', 'CRISANTO GONZALES', '78172176', 'SEXTO', 'Primaria', 'B', 1),
	(1623, 'CARLA MERCEDES', 'CRISANTO JURADO', '78275990', 'SEXTO', 'Primaria', 'B', 1),
	(1624, 'AYME ALESSANDRA', 'DOMINGUEZ INGA', '78399989', 'SEXTO', 'Primaria', 'B', 1),
	(1625, 'FABIANA DE LOS ANGELES', 'ESTRADA GUTIERREZ', '78070696', 'SEXTO', 'Primaria', 'B', 1),
	(1626, 'DAYANA MICHELL', 'ESTRADA MENA', '78506044', 'SEXTO', 'Primaria', 'B', 1),
	(1627, 'VERONICA ISABEL', 'FARFAN MADRID', '79392049', 'SEXTO', 'Primaria', 'B', 1),
	(1628, 'JADE NICOL', 'GARCIA VALDERRAMA', '78328079', 'SEXTO', 'Primaria', 'B', 1),
	(1629, 'BRIANA BRISVANY MILEY', 'GUTIERREZ ALVARADO', '78159289', 'SEXTO', 'Primaria', 'B', 1),
	(1630, 'CAROLINA ARIANA', 'HERRERA VILLEGAS', '78056683', 'SEXTO', 'Primaria', 'B', 1),
	(1631, 'YORIELLA GUADALUPE', 'HURTADO SANCHEZ', '78219569', 'SEXTO', 'Primaria', 'B', 1),
	(1632, 'ALONDRA ESTRELLA', 'MAURICIO MIJA', '81039758', 'SEXTO', 'Primaria', 'B', 1),
	(1633, 'STHEPHANY ALEJANDRA', 'MONCADA CASTILLO', '78186673', 'SEXTO', 'Primaria', 'B', 1),
	(1634, 'NAYIRA NICOLLE', 'MONCADA CHERO', '80803619', 'SEXTO', 'Primaria', 'B', 1),
	(1635, 'ANGELLA ARIANA', 'NAVARRO ROJAS', '78305290', 'SEXTO', 'Primaria', 'B', 1),
	(1636, 'ARELY PAULINA', 'NIQUEN AREVALO', '81545116', 'SEXTO', 'Primaria', 'B', 1),
	(1637, 'ALEXANDRA MILETT', 'OLAYA MENDOZA', '78466202', 'SEXTO', 'Primaria', 'B', 1),
	(1638, 'MARIELLA', 'PINDAY SANCHEZ', '78180544', 'SEXTO', 'Primaria', 'B', 1),
	(1639, 'YASURI YAMILETH', 'PULACHE MENA', '78321283', 'SEXTO', 'Primaria', 'B', 1),
	(1640, 'ORIANA NAYELLI', 'QUEVEDO MARTINEZ', '78269584', 'SEXTO', 'Primaria', 'B', 1),
	(1641, 'BREISY MAILEN', 'ROMERO ZAPATA', '78432915', 'SEXTO', 'Primaria', 'B', 1),
	(1642, 'GUADALUPE MAYTE', 'RUFINO MALDONADO', '78368726', 'SEXTO', 'Primaria', 'B', 1),
	(1643, 'ALEJANDRA MARICIELO', 'SANDOVAL INGA', '78271353', 'SEXTO', 'Primaria', 'B', 1),
	(1644, 'ALONDRA LUCIA', 'SIANCAS VEGA', '78521485', 'SEXTO', 'Primaria', 'B', 1),
	(1645, 'GAHELA ZULEY', 'SILVA REYES', '78133745', 'SEXTO', 'Primaria', 'B', 1),
	(1646, 'VANIA GABRIELA', 'TALLEDO VIERA', '78499175', 'SEXTO', 'Primaria', 'B', 1),
	(1647, 'MAJU VALENTINA', 'TAVARA NOLE', '78226986', 'SEXTO', 'Primaria', 'B', 1),
	(1648, 'DENNY YAMILE', 'VEGA CASTILLO', '78154878', 'SEXTO', 'Primaria', 'B', 1),
	(1649, 'MILAGROS DEL PILAR', 'VILCHEZ TINEO', '78292913', 'SEXTO', 'Primaria', 'B', 1),
	(1650, 'DARIANA ZARAHY', 'ALCALDE RUIZ', '78218598', 'SEXTO', 'Primaria', 'C', 1),
	(1651, 'JHADE DEENIRE', 'ARRUNATEGUI MECHATO', '78064193', 'SEXTO', 'Primaria', 'C', 1),
	(1652, 'BRISVANI ORIANA', 'BALCAZAR SILUPU', '78596188', 'SEXTO', 'Primaria', 'C', 1),
	(1653, 'SAYURI YURY', 'CAM COBEÑAS', '78511932', 'SEXTO', 'Primaria', 'C', 1),
	(1654, 'ASLHEY ROMINA', 'CARDOZA CARREÑO', '81591081', 'SEXTO', 'Primaria', 'C', 1),
	(1655, 'CRISTEL MARIA', 'CASTILLO CALLE', '78087001', 'SEXTO', 'Primaria', 'C', 1),
	(1656, 'DAYANA NIKOL', 'CHERO CEVALLOS', '79502185', 'SEXTO', 'Primaria', 'C', 1),
	(1657, 'SAMI DARLIN', 'CORDOVA CRUZ', '78384984', 'SEXTO', 'Primaria', 'C', 1),
	(1658, 'CINTHIA YAMILET', 'CORDOVA VILLEGAS', '78411883', 'SEXTO', 'Primaria', 'C', 1),
	(1659, 'ALANIS DANAEE', 'COVEÑAS CUNYA', '78422729', 'SEXTO', 'Primaria', 'C', 1),
	(1660, 'ITZEL ARIELA', 'CRUZ ZAPATA', '63490689', 'SEXTO', 'Primaria', 'C', 1),
	(1661, 'YANELA YOMIRA', 'DEDIOS GAONA', '78224931', 'SEXTO', 'Primaria', 'C', 1),
	(1662, 'LOFSLY NAHOMY', 'DELGADO VARGAS', '78091714', 'SEXTO', 'Primaria', 'C', 1),
	(1663, 'LEYLA XOANA MILETT', 'DOMINGUEZ SILVA', '78414376', 'SEXTO', 'Primaria', 'C', 1),
	(1664, 'JASSLEEN RAFAELLA', 'FLORES ALBURQUEQUE', '78213732', 'SEXTO', 'Primaria', 'C', 1),
	(1665, 'GENESIS DE LOS ANGELES', 'JUAREZ NIMA', '78394335', 'SEXTO', 'Primaria', 'C', 1),
	(1666, 'TIARA ARLETH', 'MECA CRISANTO', '78083732', 'SEXTO', 'Primaria', 'C', 1),
	(1667, 'BRIGITH ALEXANDRA', 'MORE CASTILLO', '78122167', 'SEXTO', 'Primaria', 'C', 1),
	(1668, 'BRYANNA MALLERLI', 'NOLE VIDAL', '78494132', 'SEXTO', 'Primaria', 'C', 1),
	(1669, 'LUZ VALERIA', 'PACHECO MORE', '78156173', 'SEXTO', 'Primaria', 'C', 1),
	(1670, 'SOFIA DEL PILAR', 'PASACHE SIANCAS', '78125767', 'SEXTO', 'Primaria', 'C', 1),
	(1671, 'GREYS ANAIS', 'QUEVEDO ESTRADA', '78268559', 'SEXTO', 'Primaria', 'C', 1),
	(1672, 'HANNA LARITZA', 'RAMIREZ GIRON', '78448524', 'SEXTO', 'Primaria', 'C', 1),
	(1673, 'MIA TIZIANA', 'RIVERA BURGOS', '78386076', 'SEXTO', 'Primaria', 'C', 1),
	(1674, 'ALONDRA BRIGITT', 'RUIZ HERRERA', '78471793', 'SEXTO', 'Primaria', 'C', 1),
	(1675, 'ALONDRA MICHELLE', 'RUIZ RODRIGUEZ', '78206438', 'SEXTO', 'Primaria', 'C', 1),
	(1676, 'KATHERIN JASIEL', 'SANTOS PAUCAR', '78080760', 'SEXTO', 'Primaria', 'C', 1),
	(1677, 'ALHELÍ CRISTINA', 'TISNADO CALDERON', '78307339', 'SEXTO', 'Primaria', 'C', 1),
	(1678, 'DALESKA MICHELLE', 'VALDEZ HERRERA', '78515592', 'SEXTO', 'Primaria', 'C', 1),
	(1679, 'YENY NICOLE', 'VARGAS MACHUCA PRADO', '78093329', 'SEXTO', 'Primaria', 'C', 1),
	(1680, 'XOANA MAYTE', 'VERA RUIZ', '78239819', 'SEXTO', 'Primaria', 'C', 1),
	(1681, 'LUHANI SHANTAL', 'VILLEGAS GONZALES', '81545029', 'SEXTO', 'Primaria', 'C', 1),
	(1682, 'CARMEN CAMILA FERNANDA', 'VILLEGAS REYES', '78122107', 'SEXTO', 'Primaria', 'C', 1),
	(1683, 'AIXA ESTRELLA', 'ZAPATA CORDOVA', '78231533', 'SEXTO', 'Primaria', 'C', 1),
	(1684, 'DANIELA ALEJANDRA', 'ZAPATA PEREZ', '78404474', 'SEXTO', 'Primaria', 'C', 1),
	(1685, 'AIXA ZURIELA', 'ZAPATA RUIZ', '78076814', 'SEXTO', 'Primaria', 'C', 1),
	(1686, 'SOFIA STHEFANY', 'AGURTO RETO', '78265545', 'SEXTO', 'Primaria', 'D', 1),
	(1687, 'JESSICA KIARA', 'ALVARADO MEDINA', '78164660', 'SEXTO', 'Primaria', 'D', 1),
	(1688, 'EMILY LEILANI', 'ATIAJA CRUZ', '78339430', 'SEXTO', 'Primaria', 'D', 1),
	(1689, 'HIKIARY BRIDGET', 'CISNEROS SOCOLA', '63804062', 'SEXTO', 'Primaria', 'D', 1),
	(1690, 'DANNA GUADALUPE', 'CODARLUPO JACINTO', '78177835', 'SEXTO', 'Primaria', 'D', 1),
	(1691, 'SAMY KRISTEL', 'CORREA ACARO', '78272873', 'SEXTO', 'Primaria', 'D', 1),
	(1692, 'NATALIA ANALÍ', 'DE LA CRUZ MEDINA', '78178793', 'SEXTO', 'Primaria', 'D', 1),
	(1693, 'LUCERO GUADALUPE', 'DUQUE SEMILLAN', '78507384', 'SEXTO', 'Primaria', 'D', 1),
	(1694, 'KRISTELL ALEXANDRA', 'ESPINOZA VILLASECA', '78184255', 'SEXTO', 'Primaria', 'D', 1),
	(1695, 'VICTORIA YAMILET', 'FARFAN FARFAN', '78292483', 'SEXTO', 'Primaria', 'D', 1),
	(1696, 'JHARITZA BELEN', 'GARRIDO ZAPATA', '78235958', 'SEXTO', 'Primaria', 'D', 1),
	(1697, 'EMMY KATRINA', 'GRANDA LOPEZ', '78537563', 'SEXTO', 'Primaria', 'D', 1),
	(1698, 'SOLAYNS DAIANNE', 'JUAREZ PEÑA', '78390963', 'SEXTO', 'Primaria', 'D', 1),
	(1699, 'ITHIEL MARGARITA', 'LOPEZ COVEÑAS', '78387807', 'SEXTO', 'Primaria', 'D', 1),
	(1700, 'AYXA LUHANA', 'MORA BERMUDEZ', '78589440', 'SEXTO', 'Primaria', 'D', 1),
	(1701, 'LUZ KRYSTEL DAYAN', 'NAVARRO BRICEÑO', '78346728', 'SEXTO', 'Primaria', 'D', 1),
	(1702, 'PIERINA ELIZABETH', 'NUÑEZ PANTA', '78207777', 'SEXTO', 'Primaria', 'D', 1),
	(1703, 'ANGIE NAHOMI', 'PAIVA VINCES', '78335814', 'SEXTO', 'Primaria', 'D', 1),
	(1704, 'KENDRA YASIEL', 'QUEVEDO ATOCHE', '81283347', 'SEXTO', 'Primaria', 'D', 1),
	(1705, 'BIANCA MAYERLI', 'RETO ZAPATA', '78352186', 'SEXTO', 'Primaria', 'D', 1),
	(1706, 'ANAHY FERNANDA', 'RODRIGUEZ SANCHEZ', '78134197', 'SEXTO', 'Primaria', 'D', 1),
	(1707, 'MICHELLE SAHORY', 'SAENZ SORIANO', '78220944', 'SEXTO', 'Primaria', 'D', 1),
	(1708, 'LUHAGNNA DE LOS ANGELES', 'SALAZAR REYES', '78073965', 'SEXTO', 'Primaria', 'D', 1),
	(1709, 'FLAVIA VALENTINA', 'SANCHEZ CHILENO', '78187607', 'SEXTO', 'Primaria', 'D', 1),
	(1710, 'NATHANIEL BRIGIT', 'SANCHEZ MONTERO', '78214203', 'SEXTO', 'Primaria', 'D', 1),
	(1711, 'ARIANA FABIANA', 'SANDOVAL NAVARRETE', '78387608', 'SEXTO', 'Primaria', 'D', 1),
	(1712, 'KIARA YAMILET', 'SERNAQUE FLORES', '78432310', 'SEXTO', 'Primaria', 'D', 1),
	(1713, 'MARIA JOSE', 'SILVA VIERA', '78316623', 'SEXTO', 'Primaria', 'D', 1),
	(1714, 'MIKHEYLA JAZMIN', 'SUAREZ LEON', '78250268', 'SEXTO', 'Primaria', 'D', 1),
	(1715, 'ABIGAIL ADELAIDA', 'VILCHERREZ RENJIFO', '79483467', 'SEXTO', 'Primaria', 'D', 1),
	(1716, 'LEONELA AYME', 'VILLALTA PALACIOS', '78086078', 'SEXTO', 'Primaria', 'D', 1),
	(1717, 'JENNEDY GUADALUPE', 'VILLEGAS SUNCION', '78278230', 'SEXTO', 'Primaria', 'D', 1),
	(1718, 'ALONDRA ANAHI', 'ZAPATA LOPEZ', '63804085', 'SEXTO', 'Primaria', 'D', 1),
	(1719, 'ALONDRA SHERLYN', 'ZAPATA VIERA', '78405216', 'SEXTO', 'Primaria', 'D', 1);

-- Volcando estructura para tabla votacion_escolar.asignacion_mesa
CREATE TABLE IF NOT EXISTS `asignacion_mesa` (
  `id_alumno` int NOT NULL,
  `id_mesa` int NOT NULL,
  `id_proceso` int NOT NULL,
  `fecha_asignacion` datetime NOT NULL DEFAULT CURRENT_TIMESTAMP,
  PRIMARY KEY (`id_alumno`,`id_proceso`),
  KEY `fk_asignacion_mesa` (`id_mesa`),
  KEY `fk_asignacion_proceso` (`id_proceso`),
  CONSTRAINT `fk_asignacion_alumno` FOREIGN KEY (`id_alumno`) REFERENCES `alumnos` (`id_alumno`) ON DELETE CASCADE,
  CONSTRAINT `fk_asignacion_mesa_ref` FOREIGN KEY (`id_mesa`) REFERENCES `mesa_sufragio` (`id_mesa`) ON DELETE CASCADE,
  CONSTRAINT `fk_asignacion_proceso_ref` FOREIGN KEY (`id_proceso`) REFERENCES `proceso_electoral` (`id_proceso`) ON DELETE CASCADE
) ENGINE=InnoDB DEFAULT CHARSET=utf8mb4 COLLATE=utf8mb4_0900_ai_ci;

-- Volcando datos para la tabla votacion_escolar.asignacion_mesa: ~802 rows (aproximadamente)
INSERT INTO `asignacion_mesa` (`id_alumno`, `id_mesa`, `id_proceso`, `fecha_asignacion`) VALUES
	(918, 15, 1, '2025-10-27 12:22:48'),
	(919, 15, 1, '2025-10-27 12:22:48'),
	(920, 15, 1, '2025-10-27 12:22:48'),
	(921, 15, 1, '2025-10-27 12:22:48'),
	(922, 15, 1, '2025-10-27 12:22:48'),
	(923, 15, 1, '2025-10-27 12:22:48'),
	(924, 15, 1, '2025-10-27 12:22:48'),
	(925, 15, 1, '2025-10-27 12:22:48'),
	(926, 15, 1, '2025-10-27 12:22:48'),
	(927, 15, 1, '2025-10-27 12:22:48'),
	(928, 15, 1, '2025-10-27 12:22:48'),
	(929, 15, 1, '2025-10-27 12:22:48'),
	(930, 15, 1, '2025-10-27 12:22:48'),
	(931, 15, 1, '2025-10-27 12:22:48'),
	(932, 15, 1, '2025-10-27 12:22:48'),
	(933, 15, 1, '2025-10-27 12:22:48'),
	(934, 15, 1, '2025-10-27 12:22:48'),
	(935, 15, 1, '2025-10-27 12:22:48'),
	(936, 15, 1, '2025-10-27 12:22:48'),
	(937, 15, 1, '2025-10-27 12:22:48'),
	(938, 15, 1, '2025-10-27 12:22:48'),
	(939, 15, 1, '2025-10-27 12:22:48'),
	(940, 15, 1, '2025-10-27 12:22:48'),
	(941, 15, 1, '2025-10-27 12:22:48'),
	(942, 15, 1, '2025-10-27 12:22:48'),
	(943, 15, 1, '2025-10-27 12:22:48'),
	(944, 15, 1, '2025-10-27 12:22:48'),
	(945, 15, 1, '2025-10-27 12:22:48'),
	(946, 15, 1, '2025-10-27 12:22:48'),
	(947, 15, 1, '2025-10-27 12:22:48'),
	(948, 15, 1, '2025-10-27 12:22:48'),
	(949, 15, 1, '2025-10-27 12:22:48'),
	(950, 15, 1, '2025-10-27 12:22:48'),
	(951, 15, 1, '2025-10-27 12:22:48'),
	(952, 15, 1, '2025-10-27 12:22:48'),
	(953, 15, 1, '2025-10-27 12:22:48'),
	(954, 15, 1, '2025-10-27 12:22:48'),
	(955, 15, 1, '2025-10-27 12:22:48'),
	(956, 15, 1, '2025-10-27 12:22:48'),
	(957, 15, 1, '2025-10-27 12:22:48'),
	(958, 15, 1, '2025-10-27 12:22:48'),
	(959, 15, 1, '2025-10-27 12:22:48'),
	(960, 15, 1, '2025-10-27 12:22:48'),
	(961, 15, 1, '2025-10-27 12:22:48'),
	(962, 15, 1, '2025-10-27 12:22:48'),
	(963, 15, 1, '2025-10-27 12:22:48'),
	(964, 15, 1, '2025-10-27 12:22:48'),
	(965, 15, 1, '2025-10-27 12:22:48'),
	(966, 15, 1, '2025-10-27 12:22:48'),
	(967, 15, 1, '2025-10-27 12:22:48'),
	(968, 15, 1, '2025-10-27 12:22:48'),
	(969, 15, 1, '2025-10-27 12:22:48'),
	(970, 15, 1, '2025-10-27 12:22:48'),
	(971, 15, 1, '2025-10-27 12:22:48'),
	(972, 15, 1, '2025-10-27 12:22:48'),
	(973, 15, 1, '2025-10-27 12:22:48'),
	(974, 15, 1, '2025-10-27 12:22:48'),
	(975, 15, 1, '2025-10-27 12:22:48'),
	(976, 15, 1, '2025-10-27 12:22:48'),
	(977, 15, 1, '2025-10-27 12:22:48'),
	(978, 15, 1, '2025-10-27 12:22:48'),
	(979, 15, 1, '2025-10-27 12:22:48'),
	(980, 15, 1, '2025-10-27 12:22:48'),
	(981, 15, 1, '2025-10-27 12:22:48'),
	(982, 15, 1, '2025-10-27 12:22:48'),
	(983, 15, 1, '2025-10-27 12:22:48'),
	(984, 15, 1, '2025-10-27 12:22:48'),
	(985, 15, 1, '2025-10-27 12:22:48'),
	(986, 15, 1, '2025-10-27 12:22:48'),
	(987, 15, 1, '2025-10-27 12:22:48'),
	(988, 15, 1, '2025-10-27 12:22:48'),
	(989, 15, 1, '2025-10-27 12:22:48'),
	(990, 15, 1, '2025-10-27 12:22:48'),
	(991, 15, 1, '2025-10-27 12:22:48'),
	(992, 15, 1, '2025-10-27 12:22:48'),
	(993, 15, 1, '2025-10-27 12:22:48'),
	(994, 15, 1, '2025-10-27 12:22:48'),
	(995, 15, 1, '2025-10-27 12:22:48'),
	(996, 15, 1, '2025-10-27 12:22:48'),
	(997, 15, 1, '2025-10-27 12:22:48'),
	(998, 15, 1, '2025-10-27 12:22:48'),
	(999, 15, 1, '2025-10-27 12:22:48'),
	(1000, 15, 1, '2025-10-27 12:22:48'),
	(1001, 15, 1, '2025-10-27 12:22:48'),
	(1002, 15, 1, '2025-10-27 12:22:48'),
	(1003, 15, 1, '2025-10-27 12:22:48'),
	(1004, 15, 1, '2025-10-27 12:22:48'),
	(1005, 15, 1, '2025-10-27 12:22:48'),
	(1006, 15, 1, '2025-10-27 12:22:48'),
	(1007, 15, 1, '2025-10-27 12:22:48'),
	(1008, 15, 1, '2025-10-27 12:22:48'),
	(1009, 15, 1, '2025-10-27 12:22:48'),
	(1010, 15, 1, '2025-10-27 12:22:48'),
	(1011, 15, 1, '2025-10-27 12:22:48'),
	(1012, 15, 1, '2025-10-27 12:22:48'),
	(1013, 15, 1, '2025-10-27 12:22:48'),
	(1014, 15, 1, '2025-10-27 12:22:48'),
	(1015, 15, 1, '2025-10-27 12:22:48'),
	(1016, 15, 1, '2025-10-27 12:22:48'),
	(1017, 15, 1, '2025-10-27 12:22:48'),
	(1018, 15, 1, '2025-10-27 12:22:48'),
	(1019, 15, 1, '2025-10-27 12:22:48'),
	(1020, 15, 1, '2025-10-27 12:22:48'),
	(1021, 15, 1, '2025-10-27 12:22:48'),
	(1022, 15, 1, '2025-10-27 12:22:48'),
	(1023, 15, 1, '2025-10-27 12:22:48'),
	(1024, 15, 1, '2025-10-27 12:22:48'),
	(1025, 15, 1, '2025-10-27 12:22:48'),
	(1026, 15, 1, '2025-10-27 12:22:48'),
	(1027, 15, 1, '2025-10-27 12:22:48'),
	(1028, 15, 1, '2025-10-27 12:22:48'),
	(1029, 15, 1, '2025-10-27 12:22:48'),
	(1030, 15, 1, '2025-10-27 12:22:48'),
	(1031, 15, 1, '2025-10-27 12:22:48'),
	(1032, 15, 1, '2025-10-27 12:22:48'),
	(1033, 15, 1, '2025-10-27 12:22:48'),
	(1034, 15, 1, '2025-10-27 12:22:48'),
	(1035, 15, 1, '2025-10-27 12:22:48'),
	(1036, 15, 1, '2025-10-27 12:22:48'),
	(1037, 15, 1, '2025-10-27 12:22:48'),
	(1038, 16, 1, '2025-10-27 12:22:48'),
	(1039, 16, 1, '2025-10-27 12:22:48'),
	(1040, 16, 1, '2025-10-27 12:22:48'),
	(1041, 16, 1, '2025-10-27 12:22:48'),
	(1042, 16, 1, '2025-10-27 12:22:48'),
	(1043, 16, 1, '2025-10-27 12:22:48'),
	(1044, 16, 1, '2025-10-27 12:22:48'),
	(1045, 16, 1, '2025-10-27 12:22:48'),
	(1046, 16, 1, '2025-10-27 12:22:48'),
	(1047, 16, 1, '2025-10-27 12:22:48'),
	(1048, 16, 1, '2025-10-27 12:22:48'),
	(1049, 16, 1, '2025-10-27 12:22:48'),
	(1050, 16, 1, '2025-10-27 12:22:48'),
	(1051, 16, 1, '2025-10-27 12:22:48'),
	(1052, 16, 1, '2025-10-27 12:22:48'),
	(1053, 16, 1, '2025-10-27 12:22:48'),
	(1054, 16, 1, '2025-10-27 12:22:48'),
	(1055, 16, 1, '2025-10-27 12:22:48'),
	(1056, 16, 1, '2025-10-27 12:22:48'),
	(1057, 16, 1, '2025-10-27 12:22:48'),
	(1058, 16, 1, '2025-10-27 12:22:48'),
	(1059, 16, 1, '2025-10-27 12:22:48'),
	(1060, 16, 1, '2025-10-27 12:22:48'),
	(1061, 16, 1, '2025-10-27 12:22:48'),
	(1062, 16, 1, '2025-10-27 12:22:49'),
	(1063, 16, 1, '2025-10-27 12:22:49'),
	(1064, 16, 1, '2025-10-27 12:22:49'),
	(1065, 16, 1, '2025-10-27 12:22:49'),
	(1066, 16, 1, '2025-10-27 12:22:49'),
	(1067, 16, 1, '2025-10-27 12:22:49'),
	(1068, 16, 1, '2025-10-27 12:22:49'),
	(1069, 16, 1, '2025-10-27 12:22:49'),
	(1070, 16, 1, '2025-10-27 12:22:49'),
	(1071, 16, 1, '2025-10-27 12:22:49'),
	(1072, 16, 1, '2025-10-27 12:22:48'),
	(1073, 16, 1, '2025-10-27 12:22:48'),
	(1074, 16, 1, '2025-10-27 12:22:48'),
	(1075, 16, 1, '2025-10-27 12:22:48'),
	(1076, 16, 1, '2025-10-27 12:22:48'),
	(1077, 16, 1, '2025-10-27 12:22:48'),
	(1078, 16, 1, '2025-10-27 12:22:48'),
	(1079, 16, 1, '2025-10-27 12:22:48'),
	(1080, 16, 1, '2025-10-27 12:22:48'),
	(1081, 16, 1, '2025-10-27 12:22:48'),
	(1082, 16, 1, '2025-10-27 12:22:48'),
	(1083, 16, 1, '2025-10-27 12:22:48'),
	(1084, 16, 1, '2025-10-27 12:22:48'),
	(1085, 16, 1, '2025-10-27 12:22:48'),
	(1086, 16, 1, '2025-10-27 12:22:48'),
	(1087, 16, 1, '2025-10-27 12:22:48'),
	(1088, 16, 1, '2025-10-27 12:22:48'),
	(1089, 16, 1, '2025-10-27 12:22:48'),
	(1090, 16, 1, '2025-10-27 12:22:48'),
	(1091, 16, 1, '2025-10-27 12:22:48'),
	(1092, 16, 1, '2025-10-27 12:22:48'),
	(1093, 16, 1, '2025-10-27 12:22:48'),
	(1094, 16, 1, '2025-10-27 12:22:48'),
	(1095, 16, 1, '2025-10-27 12:22:49'),
	(1096, 16, 1, '2025-10-27 12:22:49'),
	(1097, 16, 1, '2025-10-27 12:22:49'),
	(1098, 16, 1, '2025-10-27 12:22:49'),
	(1099, 16, 1, '2025-10-27 12:22:49'),
	(1100, 16, 1, '2025-10-27 12:22:49'),
	(1101, 16, 1, '2025-10-27 12:22:49'),
	(1102, 16, 1, '2025-10-27 12:22:49'),
	(1103, 16, 1, '2025-10-27 12:22:49'),
	(1104, 16, 1, '2025-10-27 12:22:49'),
	(1105, 16, 1, '2025-10-27 12:22:49'),
	(1106, 16, 1, '2025-10-27 12:22:49'),
	(1107, 16, 1, '2025-10-27 12:22:48'),
	(1108, 16, 1, '2025-10-27 12:22:48'),
	(1109, 16, 1, '2025-10-27 12:22:48'),
	(1110, 16, 1, '2025-10-27 12:22:48'),
	(1111, 16, 1, '2025-10-27 12:22:48'),
	(1112, 16, 1, '2025-10-27 12:22:48'),
	(1113, 16, 1, '2025-10-27 12:22:48'),
	(1114, 16, 1, '2025-10-27 12:22:48'),
	(1115, 16, 1, '2025-10-27 12:22:48'),
	(1116, 16, 1, '2025-10-27 12:22:48'),
	(1117, 16, 1, '2025-10-27 12:22:48'),
	(1118, 16, 1, '2025-10-27 12:22:48'),
	(1119, 16, 1, '2025-10-27 12:22:48'),
	(1120, 16, 1, '2025-10-27 12:22:48'),
	(1121, 16, 1, '2025-10-27 12:22:48'),
	(1122, 16, 1, '2025-10-27 12:22:48'),
	(1123, 16, 1, '2025-10-27 12:22:48'),
	(1124, 16, 1, '2025-10-27 12:22:48'),
	(1125, 16, 1, '2025-10-27 12:22:48'),
	(1126, 16, 1, '2025-10-27 12:22:48'),
	(1127, 16, 1, '2025-10-27 12:22:48'),
	(1128, 16, 1, '2025-10-27 12:22:48'),
	(1129, 16, 1, '2025-10-27 12:22:48'),
	(1130, 16, 1, '2025-10-27 12:22:48'),
	(1131, 16, 1, '2025-10-27 12:22:49'),
	(1132, 16, 1, '2025-10-27 12:22:49'),
	(1133, 16, 1, '2025-10-27 12:22:49'),
	(1134, 16, 1, '2025-10-27 12:22:49'),
	(1135, 16, 1, '2025-10-27 12:22:49'),
	(1136, 16, 1, '2025-10-27 12:22:49'),
	(1137, 16, 1, '2025-10-27 12:22:49'),
	(1138, 16, 1, '2025-10-27 12:22:49'),
	(1139, 16, 1, '2025-10-27 12:22:49'),
	(1140, 16, 1, '2025-10-27 12:22:49'),
	(1141, 16, 1, '2025-10-27 12:22:48'),
	(1142, 16, 1, '2025-10-27 12:22:48'),
	(1143, 16, 1, '2025-10-27 12:22:48'),
	(1144, 16, 1, '2025-10-27 12:22:48'),
	(1145, 16, 1, '2025-10-27 12:22:48'),
	(1146, 16, 1, '2025-10-27 12:22:48'),
	(1147, 16, 1, '2025-10-27 12:22:48'),
	(1148, 16, 1, '2025-10-27 12:22:48'),
	(1149, 16, 1, '2025-10-27 12:22:48'),
	(1150, 16, 1, '2025-10-27 12:22:48'),
	(1151, 16, 1, '2025-10-27 12:22:48'),
	(1152, 16, 1, '2025-10-27 12:22:48'),
	(1153, 16, 1, '2025-10-27 12:22:48'),
	(1154, 16, 1, '2025-10-27 12:22:48'),
	(1155, 16, 1, '2025-10-27 12:22:48'),
	(1156, 16, 1, '2025-10-27 12:22:48'),
	(1157, 16, 1, '2025-10-27 12:22:48'),
	(1158, 16, 1, '2025-10-27 12:22:48'),
	(1159, 16, 1, '2025-10-27 12:22:48'),
	(1160, 16, 1, '2025-10-27 12:22:48'),
	(1161, 16, 1, '2025-10-27 12:22:48'),
	(1162, 16, 1, '2025-10-27 12:22:49'),
	(1163, 16, 1, '2025-10-27 12:22:49'),
	(1164, 16, 1, '2025-10-27 12:22:49'),
	(1165, 16, 1, '2025-10-27 12:22:49'),
	(1166, 16, 1, '2025-10-27 12:22:49'),
	(1167, 16, 1, '2025-10-27 12:22:49'),
	(1168, 16, 1, '2025-10-27 12:22:49'),
	(1169, 16, 1, '2025-10-27 12:22:49'),
	(1170, 16, 1, '2025-10-27 12:22:49'),
	(1171, 16, 1, '2025-10-27 12:22:49'),
	(1172, 16, 1, '2025-10-27 12:22:49'),
	(1173, 16, 1, '2025-10-27 12:22:49'),
	(1174, 16, 1, '2025-10-27 12:22:49'),
	(1175, 17, 1, '2025-10-27 12:22:49'),
	(1176, 17, 1, '2025-10-27 12:22:49'),
	(1177, 17, 1, '2025-10-27 12:22:49'),
	(1178, 17, 1, '2025-10-27 12:22:49'),
	(1179, 17, 1, '2025-10-27 12:22:49'),
	(1180, 17, 1, '2025-10-27 12:22:49'),
	(1181, 17, 1, '2025-10-27 12:22:49'),
	(1182, 17, 1, '2025-10-27 12:22:49'),
	(1183, 17, 1, '2025-10-27 12:22:49'),
	(1184, 17, 1, '2025-10-27 12:22:49'),
	(1185, 17, 1, '2025-10-27 12:22:49'),
	(1186, 17, 1, '2025-10-27 12:22:49'),
	(1187, 17, 1, '2025-10-27 12:22:49'),
	(1188, 17, 1, '2025-10-27 12:22:49'),
	(1189, 17, 1, '2025-10-27 12:22:49'),
	(1190, 17, 1, '2025-10-27 12:22:49'),
	(1191, 17, 1, '2025-10-27 12:22:49'),
	(1192, 17, 1, '2025-10-27 12:22:49'),
	(1193, 17, 1, '2025-10-27 12:22:49'),
	(1194, 17, 1, '2025-10-27 12:22:49'),
	(1195, 17, 1, '2025-10-27 12:22:49'),
	(1196, 17, 1, '2025-10-27 12:22:49'),
	(1197, 17, 1, '2025-10-27 12:22:49'),
	(1198, 17, 1, '2025-10-27 12:22:49'),
	(1199, 17, 1, '2025-10-27 12:22:49'),
	(1200, 17, 1, '2025-10-27 12:22:49'),
	(1201, 17, 1, '2025-10-27 12:22:49'),
	(1202, 17, 1, '2025-10-27 12:22:49'),
	(1203, 17, 1, '2025-10-27 12:22:49'),
	(1204, 17, 1, '2025-10-27 12:22:49'),
	(1205, 17, 1, '2025-10-27 12:22:49'),
	(1206, 17, 1, '2025-10-27 12:22:49'),
	(1207, 17, 1, '2025-10-27 12:22:49'),
	(1208, 17, 1, '2025-10-27 12:22:49'),
	(1209, 17, 1, '2025-10-27 12:22:49'),
	(1210, 17, 1, '2025-10-27 12:22:49'),
	(1211, 17, 1, '2025-10-27 12:22:49'),
	(1212, 17, 1, '2025-10-27 12:22:49'),
	(1213, 17, 1, '2025-10-27 12:22:49'),
	(1214, 17, 1, '2025-10-27 12:22:49'),
	(1215, 17, 1, '2025-10-27 12:22:49'),
	(1216, 17, 1, '2025-10-27 12:22:49'),
	(1217, 17, 1, '2025-10-27 12:22:49'),
	(1218, 17, 1, '2025-10-27 12:22:49'),
	(1219, 17, 1, '2025-10-27 12:22:49'),
	(1220, 17, 1, '2025-10-27 12:22:49'),
	(1221, 17, 1, '2025-10-27 12:22:49'),
	(1222, 17, 1, '2025-10-27 12:22:49'),
	(1223, 17, 1, '2025-10-27 12:22:49'),
	(1224, 17, 1, '2025-10-27 12:22:49'),
	(1225, 17, 1, '2025-10-27 12:22:49'),
	(1226, 17, 1, '2025-10-27 12:22:49'),
	(1227, 17, 1, '2025-10-27 12:22:49'),
	(1228, 17, 1, '2025-10-27 12:22:49'),
	(1229, 17, 1, '2025-10-27 12:22:49'),
	(1230, 17, 1, '2025-10-27 12:22:49'),
	(1231, 17, 1, '2025-10-27 12:22:49'),
	(1232, 17, 1, '2025-10-27 12:22:49'),
	(1233, 17, 1, '2025-10-27 12:22:49'),
	(1234, 17, 1, '2025-10-27 12:22:49'),
	(1235, 17, 1, '2025-10-27 12:22:49'),
	(1236, 17, 1, '2025-10-27 12:22:49'),
	(1237, 17, 1, '2025-10-27 12:22:49'),
	(1238, 17, 1, '2025-10-27 12:22:49'),
	(1239, 17, 1, '2025-10-27 12:22:49'),
	(1240, 17, 1, '2025-10-27 12:22:49'),
	(1241, 17, 1, '2025-10-27 12:22:49'),
	(1242, 17, 1, '2025-10-27 12:22:49'),
	(1243, 17, 1, '2025-10-27 12:22:49'),
	(1244, 17, 1, '2025-10-27 12:22:49'),
	(1245, 17, 1, '2025-10-27 12:22:49'),
	(1246, 17, 1, '2025-10-27 12:22:49'),
	(1247, 17, 1, '2025-10-27 12:22:49'),
	(1248, 17, 1, '2025-10-27 12:22:49'),
	(1249, 17, 1, '2025-10-27 12:22:49'),
	(1250, 17, 1, '2025-10-27 12:22:49'),
	(1251, 17, 1, '2025-10-27 12:22:49'),
	(1252, 17, 1, '2025-10-27 12:22:49'),
	(1253, 17, 1, '2025-10-27 12:22:49'),
	(1254, 17, 1, '2025-10-27 12:22:49'),
	(1255, 17, 1, '2025-10-27 12:22:49'),
	(1256, 17, 1, '2025-10-27 12:22:49'),
	(1257, 17, 1, '2025-10-27 12:22:49'),
	(1258, 17, 1, '2025-10-27 12:22:49'),
	(1259, 17, 1, '2025-10-27 12:22:49'),
	(1260, 17, 1, '2025-10-27 12:22:49'),
	(1261, 17, 1, '2025-10-27 12:22:49'),
	(1262, 17, 1, '2025-10-27 12:22:49'),
	(1263, 17, 1, '2025-10-27 12:22:49'),
	(1264, 17, 1, '2025-10-27 12:22:49'),
	(1265, 17, 1, '2025-10-27 12:22:49'),
	(1266, 17, 1, '2025-10-27 12:22:49'),
	(1267, 17, 1, '2025-10-27 12:22:49'),
	(1268, 17, 1, '2025-10-27 12:22:49'),
	(1269, 17, 1, '2025-10-27 12:22:49'),
	(1270, 17, 1, '2025-10-27 12:22:49'),
	(1271, 17, 1, '2025-10-27 12:22:49'),
	(1272, 17, 1, '2025-10-27 12:22:49'),
	(1273, 17, 1, '2025-10-27 12:22:49'),
	(1274, 17, 1, '2025-10-27 12:22:49'),
	(1275, 17, 1, '2025-10-27 12:22:49'),
	(1276, 17, 1, '2025-10-27 12:22:49'),
	(1277, 17, 1, '2025-10-27 12:22:49'),
	(1278, 17, 1, '2025-10-27 12:22:49'),
	(1279, 17, 1, '2025-10-27 12:22:49'),
	(1280, 17, 1, '2025-10-27 12:22:49'),
	(1281, 17, 1, '2025-10-27 12:22:49'),
	(1282, 17, 1, '2025-10-27 12:22:49'),
	(1283, 17, 1, '2025-10-27 12:22:49'),
	(1284, 17, 1, '2025-10-27 12:22:49'),
	(1285, 17, 1, '2025-10-27 12:22:49'),
	(1286, 17, 1, '2025-10-27 12:22:49'),
	(1287, 17, 1, '2025-10-27 12:22:49'),
	(1288, 17, 1, '2025-10-27 12:22:49'),
	(1289, 17, 1, '2025-10-27 12:22:49'),
	(1290, 17, 1, '2025-10-27 12:22:49'),
	(1291, 17, 1, '2025-10-27 12:22:49'),
	(1292, 17, 1, '2025-10-27 12:22:49'),
	(1293, 17, 1, '2025-10-27 12:22:49'),
	(1294, 17, 1, '2025-10-27 12:22:49'),
	(1295, 17, 1, '2025-10-27 12:22:49'),
	(1296, 17, 1, '2025-10-27 12:22:49'),
	(1297, 17, 1, '2025-10-27 12:22:49'),
	(1298, 17, 1, '2025-10-27 12:22:49'),
	(1299, 17, 1, '2025-10-27 12:22:49'),
	(1300, 17, 1, '2025-10-27 12:22:49'),
	(1301, 17, 1, '2025-10-27 12:22:49'),
	(1302, 17, 1, '2025-10-27 12:22:49'),
	(1303, 17, 1, '2025-10-27 12:22:49'),
	(1304, 17, 1, '2025-10-27 12:22:49'),
	(1305, 17, 1, '2025-10-27 12:22:49'),
	(1306, 17, 1, '2025-10-27 12:22:49'),
	(1307, 17, 1, '2025-10-27 12:22:49'),
	(1308, 17, 1, '2025-10-27 12:22:49'),
	(1309, 17, 1, '2025-10-27 12:22:49'),
	(1310, 17, 1, '2025-10-27 12:22:49'),
	(1311, 17, 1, '2025-10-27 12:22:49'),
	(1312, 17, 1, '2025-10-27 12:22:49'),
	(1313, 17, 1, '2025-10-27 12:22:49'),
	(1314, 17, 1, '2025-10-27 12:22:49'),
	(1315, 17, 1, '2025-10-27 12:22:49'),
	(1316, 18, 1, '2025-10-27 12:22:49'),
	(1317, 18, 1, '2025-10-27 12:22:49'),
	(1318, 18, 1, '2025-10-27 12:22:49'),
	(1319, 18, 1, '2025-10-27 12:22:49'),
	(1320, 18, 1, '2025-10-27 12:22:49'),
	(1321, 18, 1, '2025-10-27 12:22:49'),
	(1322, 18, 1, '2025-10-27 12:22:49'),
	(1323, 18, 1, '2025-10-27 12:22:49'),
	(1324, 18, 1, '2025-10-27 12:22:49'),
	(1325, 18, 1, '2025-10-27 12:22:49'),
	(1326, 18, 1, '2025-10-27 12:22:49'),
	(1327, 18, 1, '2025-10-27 12:22:49'),
	(1328, 18, 1, '2025-10-27 12:22:49'),
	(1329, 18, 1, '2025-10-27 12:22:49'),
	(1330, 18, 1, '2025-10-27 12:22:49'),
	(1331, 18, 1, '2025-10-27 12:22:49'),
	(1332, 18, 1, '2025-10-27 12:22:49'),
	(1333, 18, 1, '2025-10-27 12:22:49'),
	(1334, 18, 1, '2025-10-27 12:22:49'),
	(1335, 18, 1, '2025-10-27 12:22:49'),
	(1336, 18, 1, '2025-10-27 12:22:49'),
	(1337, 18, 1, '2025-10-27 12:22:49'),
	(1338, 18, 1, '2025-10-27 12:22:49'),
	(1339, 18, 1, '2025-10-27 12:22:49'),
	(1340, 18, 1, '2025-10-27 12:22:49'),
	(1341, 18, 1, '2025-10-27 12:22:49'),
	(1342, 18, 1, '2025-10-27 12:22:49'),
	(1343, 18, 1, '2025-10-27 12:22:49'),
	(1344, 18, 1, '2025-10-27 12:22:49'),
	(1345, 18, 1, '2025-10-27 12:22:49'),
	(1346, 18, 1, '2025-10-27 12:22:49'),
	(1347, 18, 1, '2025-10-27 12:22:49'),
	(1348, 18, 1, '2025-10-27 12:22:49'),
	(1349, 18, 1, '2025-10-27 12:22:49'),
	(1350, 18, 1, '2025-10-27 12:22:49'),
	(1351, 18, 1, '2025-10-27 12:22:49'),
	(1352, 18, 1, '2025-10-27 12:22:49'),
	(1353, 18, 1, '2025-10-27 12:22:49'),
	(1354, 18, 1, '2025-10-27 12:22:49'),
	(1355, 18, 1, '2025-10-27 12:22:49'),
	(1356, 18, 1, '2025-10-27 12:22:49'),
	(1357, 18, 1, '2025-10-27 12:22:49'),
	(1358, 18, 1, '2025-10-27 12:22:49'),
	(1359, 18, 1, '2025-10-27 12:22:49'),
	(1360, 18, 1, '2025-10-27 12:22:49'),
	(1361, 18, 1, '2025-10-27 12:22:49'),
	(1362, 18, 1, '2025-10-27 12:22:49'),
	(1363, 18, 1, '2025-10-27 12:22:49'),
	(1364, 18, 1, '2025-10-27 12:22:49'),
	(1365, 18, 1, '2025-10-27 12:22:49'),
	(1366, 18, 1, '2025-10-27 12:22:49'),
	(1367, 18, 1, '2025-10-27 12:22:49'),
	(1368, 18, 1, '2025-10-27 12:22:49'),
	(1369, 18, 1, '2025-10-27 12:22:49'),
	(1370, 18, 1, '2025-10-27 12:22:49'),
	(1371, 18, 1, '2025-10-27 12:22:49'),
	(1372, 18, 1, '2025-10-27 12:22:49'),
	(1373, 18, 1, '2025-10-27 12:22:49'),
	(1374, 18, 1, '2025-10-27 12:22:49'),
	(1375, 18, 1, '2025-10-27 12:22:49'),
	(1376, 18, 1, '2025-10-27 12:22:49'),
	(1377, 18, 1, '2025-10-27 12:22:49'),
	(1378, 18, 1, '2025-10-27 12:22:49'),
	(1379, 18, 1, '2025-10-27 12:22:49'),
	(1380, 18, 1, '2025-10-27 12:22:49'),
	(1381, 18, 1, '2025-10-27 12:22:49'),
	(1382, 18, 1, '2025-10-27 12:22:49'),
	(1383, 18, 1, '2025-10-27 12:22:49'),
	(1384, 18, 1, '2025-10-27 12:22:49'),
	(1385, 18, 1, '2025-10-27 12:22:49'),
	(1386, 18, 1, '2025-10-27 12:22:49'),
	(1387, 18, 1, '2025-10-27 12:22:49'),
	(1388, 18, 1, '2025-10-27 12:22:49'),
	(1389, 18, 1, '2025-10-27 12:22:49'),
	(1390, 18, 1, '2025-10-27 12:22:49'),
	(1391, 18, 1, '2025-10-27 12:22:49'),
	(1392, 18, 1, '2025-10-27 12:22:49'),
	(1393, 18, 1, '2025-10-27 12:22:49'),
	(1394, 18, 1, '2025-10-27 12:22:49'),
	(1395, 18, 1, '2025-10-27 12:22:49'),
	(1396, 18, 1, '2025-10-27 12:22:49'),
	(1397, 18, 1, '2025-10-27 12:22:49'),
	(1398, 18, 1, '2025-10-27 12:22:49'),
	(1399, 18, 1, '2025-10-27 12:22:49'),
	(1400, 18, 1, '2025-10-27 12:22:49'),
	(1401, 18, 1, '2025-10-27 12:22:49'),
	(1402, 18, 1, '2025-10-27 12:22:49'),
	(1403, 18, 1, '2025-10-27 12:22:49'),
	(1404, 18, 1, '2025-10-27 12:22:49'),
	(1405, 18, 1, '2025-10-27 12:22:49'),
	(1406, 18, 1, '2025-10-27 12:22:49'),
	(1407, 18, 1, '2025-10-27 12:22:49'),
	(1408, 18, 1, '2025-10-27 12:22:49'),
	(1409, 18, 1, '2025-10-27 12:22:49'),
	(1410, 18, 1, '2025-10-27 12:22:49'),
	(1411, 18, 1, '2025-10-27 12:22:49'),
	(1412, 18, 1, '2025-10-27 12:22:49'),
	(1413, 18, 1, '2025-10-27 12:22:49'),
	(1414, 18, 1, '2025-10-27 12:22:49'),
	(1415, 18, 1, '2025-10-27 12:22:49'),
	(1416, 18, 1, '2025-10-27 12:22:49'),
	(1417, 18, 1, '2025-10-27 12:22:49'),
	(1418, 18, 1, '2025-10-27 12:22:49'),
	(1419, 18, 1, '2025-10-27 12:22:49'),
	(1420, 18, 1, '2025-10-27 12:22:49'),
	(1421, 18, 1, '2025-10-27 12:22:49'),
	(1422, 18, 1, '2025-10-27 12:22:49'),
	(1423, 18, 1, '2025-10-27 12:22:49'),
	(1424, 18, 1, '2025-10-27 12:22:49'),
	(1425, 18, 1, '2025-10-27 12:22:49'),
	(1426, 18, 1, '2025-10-27 12:22:49'),
	(1427, 18, 1, '2025-10-27 12:22:49'),
	(1428, 18, 1, '2025-10-27 12:22:49'),
	(1429, 18, 1, '2025-10-27 12:22:49'),
	(1430, 18, 1, '2025-10-27 12:22:49'),
	(1431, 18, 1, '2025-10-27 12:22:49'),
	(1432, 18, 1, '2025-10-27 12:22:49'),
	(1433, 18, 1, '2025-10-27 12:22:49'),
	(1434, 18, 1, '2025-10-27 12:22:49'),
	(1435, 18, 1, '2025-10-27 12:22:49'),
	(1436, 18, 1, '2025-10-27 12:22:49'),
	(1437, 18, 1, '2025-10-27 12:22:49'),
	(1438, 18, 1, '2025-10-27 12:22:49'),
	(1439, 18, 1, '2025-10-27 12:22:49'),
	(1440, 18, 1, '2025-10-27 12:22:49'),
	(1441, 18, 1, '2025-10-27 12:22:49'),
	(1442, 18, 1, '2025-10-27 12:22:49'),
	(1443, 18, 1, '2025-10-27 12:22:49'),
	(1444, 18, 1, '2025-10-27 12:22:49'),
	(1445, 18, 1, '2025-10-27 12:22:49'),
	(1446, 18, 1, '2025-10-27 12:22:49'),
	(1447, 19, 1, '2025-10-27 12:22:49'),
	(1448, 19, 1, '2025-10-27 12:22:49'),
	(1449, 19, 1, '2025-10-27 12:22:49'),
	(1450, 19, 1, '2025-10-27 12:22:49'),
	(1451, 19, 1, '2025-10-27 12:22:49'),
	(1452, 19, 1, '2025-10-27 12:22:49'),
	(1453, 19, 1, '2025-10-27 12:22:49'),
	(1454, 19, 1, '2025-10-27 12:22:49'),
	(1455, 19, 1, '2025-10-27 12:22:49'),
	(1456, 19, 1, '2025-10-27 12:22:49'),
	(1457, 19, 1, '2025-10-27 12:22:49'),
	(1458, 19, 1, '2025-10-27 12:22:49'),
	(1459, 19, 1, '2025-10-27 12:22:49'),
	(1460, 19, 1, '2025-10-27 12:22:49'),
	(1461, 19, 1, '2025-10-27 12:22:49'),
	(1462, 19, 1, '2025-10-27 12:22:49'),
	(1463, 19, 1, '2025-10-27 12:22:49'),
	(1464, 19, 1, '2025-10-27 12:22:49'),
	(1465, 19, 1, '2025-10-27 12:22:49'),
	(1466, 19, 1, '2025-10-27 12:22:49'),
	(1467, 19, 1, '2025-10-27 12:22:49'),
	(1468, 19, 1, '2025-10-27 12:22:49'),
	(1469, 19, 1, '2025-10-27 12:22:49'),
	(1470, 19, 1, '2025-10-27 12:22:49'),
	(1471, 19, 1, '2025-10-27 12:22:49'),
	(1472, 19, 1, '2025-10-27 12:22:49'),
	(1473, 19, 1, '2025-10-27 12:22:49'),
	(1474, 19, 1, '2025-10-27 12:22:49'),
	(1475, 19, 1, '2025-10-27 12:22:49'),
	(1476, 19, 1, '2025-10-27 12:22:49'),
	(1477, 19, 1, '2025-10-27 12:22:49'),
	(1478, 19, 1, '2025-10-27 12:22:49'),
	(1479, 19, 1, '2025-10-27 12:22:49'),
	(1480, 19, 1, '2025-10-27 12:22:49'),
	(1481, 19, 1, '2025-10-27 12:22:49'),
	(1482, 19, 1, '2025-10-27 12:22:49'),
	(1483, 19, 1, '2025-10-27 12:22:49'),
	(1484, 19, 1, '2025-10-27 12:22:49'),
	(1485, 19, 1, '2025-10-27 12:22:49'),
	(1486, 19, 1, '2025-10-27 12:22:49'),
	(1487, 19, 1, '2025-10-27 12:22:49'),
	(1488, 19, 1, '2025-10-27 12:22:49'),
	(1489, 19, 1, '2025-10-27 12:22:49'),
	(1490, 19, 1, '2025-10-27 12:22:49'),
	(1491, 19, 1, '2025-10-27 12:22:49'),
	(1492, 19, 1, '2025-10-27 12:22:49'),
	(1493, 19, 1, '2025-10-27 12:22:49'),
	(1494, 19, 1, '2025-10-27 12:22:49'),
	(1495, 19, 1, '2025-10-27 12:22:49'),
	(1496, 19, 1, '2025-10-27 12:22:49'),
	(1497, 19, 1, '2025-10-27 12:22:49'),
	(1498, 19, 1, '2025-10-27 12:22:49'),
	(1499, 19, 1, '2025-10-27 12:22:49'),
	(1500, 19, 1, '2025-10-27 12:22:49'),
	(1501, 19, 1, '2025-10-27 12:22:49'),
	(1502, 19, 1, '2025-10-27 12:22:49'),
	(1503, 19, 1, '2025-10-27 12:22:49'),
	(1504, 19, 1, '2025-10-27 12:22:49'),
	(1505, 19, 1, '2025-10-27 12:22:49'),
	(1506, 19, 1, '2025-10-27 12:22:49'),
	(1507, 19, 1, '2025-10-27 12:22:49'),
	(1508, 19, 1, '2025-10-27 12:22:49'),
	(1509, 19, 1, '2025-10-27 12:22:49'),
	(1510, 19, 1, '2025-10-27 12:22:49'),
	(1511, 19, 1, '2025-10-27 12:22:49'),
	(1512, 19, 1, '2025-10-27 12:22:49'),
	(1513, 19, 1, '2025-10-27 12:22:49'),
	(1514, 19, 1, '2025-10-27 12:22:49'),
	(1515, 19, 1, '2025-10-27 12:22:49'),
	(1516, 19, 1, '2025-10-27 12:22:49'),
	(1517, 19, 1, '2025-10-27 12:22:49'),
	(1518, 19, 1, '2025-10-27 12:22:49'),
	(1519, 19, 1, '2025-10-27 12:22:49'),
	(1520, 19, 1, '2025-10-27 12:22:49'),
	(1521, 19, 1, '2025-10-27 12:22:49'),
	(1522, 19, 1, '2025-10-27 12:22:49'),
	(1523, 19, 1, '2025-10-27 12:22:49'),
	(1524, 19, 1, '2025-10-27 12:22:49'),
	(1525, 19, 1, '2025-10-27 12:22:49'),
	(1526, 19, 1, '2025-10-27 12:22:49'),
	(1527, 19, 1, '2025-10-27 12:22:49'),
	(1528, 19, 1, '2025-10-27 12:22:49'),
	(1529, 19, 1, '2025-10-27 12:22:49'),
	(1530, 19, 1, '2025-10-27 12:22:49'),
	(1531, 19, 1, '2025-10-27 12:22:49'),
	(1532, 19, 1, '2025-10-27 12:22:49'),
	(1533, 19, 1, '2025-10-27 12:22:49'),
	(1534, 19, 1, '2025-10-27 12:22:49'),
	(1535, 19, 1, '2025-10-27 12:22:49'),
	(1536, 19, 1, '2025-10-27 12:22:49'),
	(1537, 19, 1, '2025-10-27 12:22:49'),
	(1538, 19, 1, '2025-10-27 12:22:49'),
	(1539, 19, 1, '2025-10-27 12:22:49'),
	(1540, 19, 1, '2025-10-27 12:22:49'),
	(1541, 19, 1, '2025-10-27 12:22:49'),
	(1542, 19, 1, '2025-10-27 12:22:49'),
	(1543, 19, 1, '2025-10-27 12:22:49'),
	(1544, 19, 1, '2025-10-27 12:22:49'),
	(1545, 19, 1, '2025-10-27 12:22:49'),
	(1546, 19, 1, '2025-10-27 12:22:49'),
	(1547, 19, 1, '2025-10-27 12:22:49'),
	(1548, 19, 1, '2025-10-27 12:22:49'),
	(1549, 19, 1, '2025-10-27 12:22:49'),
	(1550, 19, 1, '2025-10-27 12:22:49'),
	(1551, 19, 1, '2025-10-27 12:22:49'),
	(1552, 19, 1, '2025-10-27 12:22:49'),
	(1553, 19, 1, '2025-10-27 12:22:49'),
	(1554, 19, 1, '2025-10-27 12:22:49'),
	(1555, 19, 1, '2025-10-27 12:22:49'),
	(1556, 19, 1, '2025-10-27 12:22:49'),
	(1557, 19, 1, '2025-10-27 12:22:49'),
	(1558, 19, 1, '2025-10-27 12:22:49'),
	(1559, 19, 1, '2025-10-27 12:22:49'),
	(1560, 19, 1, '2025-10-27 12:22:49'),
	(1561, 19, 1, '2025-10-27 12:22:49'),
	(1562, 19, 1, '2025-10-27 12:22:49'),
	(1563, 19, 1, '2025-10-27 12:22:49'),
	(1564, 19, 1, '2025-10-27 12:22:49'),
	(1565, 19, 1, '2025-10-27 12:22:49'),
	(1566, 19, 1, '2025-10-27 12:22:49'),
	(1567, 19, 1, '2025-10-27 12:22:49'),
	(1568, 19, 1, '2025-10-27 12:22:49'),
	(1569, 19, 1, '2025-10-27 12:22:49'),
	(1570, 19, 1, '2025-10-27 12:22:49'),
	(1571, 19, 1, '2025-10-27 12:22:49'),
	(1572, 19, 1, '2025-10-27 12:22:49'),
	(1573, 19, 1, '2025-10-27 12:22:49'),
	(1574, 19, 1, '2025-10-27 12:22:49'),
	(1575, 19, 1, '2025-10-27 12:22:49'),
	(1576, 19, 1, '2025-10-27 12:22:49'),
	(1577, 19, 1, '2025-10-27 12:22:49'),
	(1578, 19, 1, '2025-10-27 12:22:49'),
	(1579, 19, 1, '2025-10-27 12:22:49'),
	(1580, 20, 1, '2025-10-27 12:22:49'),
	(1581, 20, 1, '2025-10-27 12:22:49'),
	(1582, 20, 1, '2025-10-27 12:22:49'),
	(1583, 20, 1, '2025-10-27 12:22:49'),
	(1584, 20, 1, '2025-10-27 12:22:49'),
	(1585, 20, 1, '2025-10-27 12:22:49'),
	(1586, 20, 1, '2025-10-27 12:22:49'),
	(1587, 20, 1, '2025-10-27 12:22:49'),
	(1588, 20, 1, '2025-10-27 12:22:49'),
	(1589, 20, 1, '2025-10-27 12:22:49'),
	(1590, 20, 1, '2025-10-27 12:22:49'),
	(1591, 20, 1, '2025-10-27 12:22:49'),
	(1592, 20, 1, '2025-10-27 12:22:49'),
	(1593, 20, 1, '2025-10-27 12:22:49'),
	(1594, 20, 1, '2025-10-27 12:22:49'),
	(1595, 20, 1, '2025-10-27 12:22:49'),
	(1596, 20, 1, '2025-10-27 12:22:49'),
	(1597, 20, 1, '2025-10-27 12:22:49'),
	(1598, 20, 1, '2025-10-27 12:22:49'),
	(1599, 20, 1, '2025-10-27 12:22:49'),
	(1600, 20, 1, '2025-10-27 12:22:49'),
	(1601, 20, 1, '2025-10-27 12:22:49'),
	(1602, 20, 1, '2025-10-27 12:22:49'),
	(1603, 20, 1, '2025-10-27 12:22:49'),
	(1604, 20, 1, '2025-10-27 12:22:49'),
	(1605, 20, 1, '2025-10-27 12:22:49'),
	(1606, 20, 1, '2025-10-27 12:22:49'),
	(1607, 20, 1, '2025-10-27 12:22:49'),
	(1608, 20, 1, '2025-10-27 12:22:49'),
	(1609, 20, 1, '2025-10-27 12:22:49'),
	(1610, 20, 1, '2025-10-27 12:22:49'),
	(1611, 20, 1, '2025-10-27 12:22:49'),
	(1612, 20, 1, '2025-10-27 12:22:49'),
	(1613, 20, 1, '2025-10-27 12:22:50'),
	(1614, 20, 1, '2025-10-27 12:22:50'),
	(1615, 20, 1, '2025-10-27 12:22:49'),
	(1616, 20, 1, '2025-10-27 12:22:49'),
	(1617, 20, 1, '2025-10-27 12:22:49'),
	(1618, 20, 1, '2025-10-27 12:22:49'),
	(1619, 20, 1, '2025-10-27 12:22:49'),
	(1620, 20, 1, '2025-10-27 12:22:49'),
	(1621, 20, 1, '2025-10-27 12:22:49'),
	(1622, 20, 1, '2025-10-27 12:22:49'),
	(1623, 20, 1, '2025-10-27 12:22:49'),
	(1624, 20, 1, '2025-10-27 12:22:49'),
	(1625, 20, 1, '2025-10-27 12:22:49'),
	(1626, 20, 1, '2025-10-27 12:22:49'),
	(1627, 20, 1, '2025-10-27 12:22:49'),
	(1628, 20, 1, '2025-10-27 12:22:49'),
	(1629, 20, 1, '2025-10-27 12:22:49'),
	(1630, 20, 1, '2025-10-27 12:22:49'),
	(1631, 20, 1, '2025-10-27 12:22:49'),
	(1632, 20, 1, '2025-10-27 12:22:49'),
	(1633, 20, 1, '2025-10-27 12:22:49'),
	(1634, 20, 1, '2025-10-27 12:22:49'),
	(1635, 20, 1, '2025-10-27 12:22:49'),
	(1636, 20, 1, '2025-10-27 12:22:49'),
	(1637, 20, 1, '2025-10-27 12:22:49'),
	(1638, 20, 1, '2025-10-27 12:22:49'),
	(1639, 20, 1, '2025-10-27 12:22:49'),
	(1640, 20, 1, '2025-10-27 12:22:49'),
	(1641, 20, 1, '2025-10-27 12:22:49'),
	(1642, 20, 1, '2025-10-27 12:22:49'),
	(1643, 20, 1, '2025-10-27 12:22:49'),
	(1644, 20, 1, '2025-10-27 12:22:50'),
	(1645, 20, 1, '2025-10-27 12:22:50'),
	(1646, 20, 1, '2025-10-27 12:22:50'),
	(1647, 20, 1, '2025-10-27 12:22:50'),
	(1648, 20, 1, '2025-10-27 12:22:50'),
	(1649, 20, 1, '2025-10-27 12:22:50'),
	(1650, 20, 1, '2025-10-27 12:22:49'),
	(1651, 20, 1, '2025-10-27 12:22:49'),
	(1652, 20, 1, '2025-10-27 12:22:49'),
	(1653, 20, 1, '2025-10-27 12:22:49'),
	(1654, 20, 1, '2025-10-27 12:22:49'),
	(1655, 20, 1, '2025-10-27 12:22:49'),
	(1656, 20, 1, '2025-10-27 12:22:49'),
	(1657, 20, 1, '2025-10-27 12:22:49'),
	(1658, 20, 1, '2025-10-27 12:22:49'),
	(1659, 20, 1, '2025-10-27 12:22:49'),
	(1660, 20, 1, '2025-10-27 12:22:49'),
	(1661, 20, 1, '2025-10-27 12:22:49'),
	(1662, 20, 1, '2025-10-27 12:22:49'),
	(1663, 20, 1, '2025-10-27 12:22:49'),
	(1664, 20, 1, '2025-10-27 12:22:49'),
	(1665, 20, 1, '2025-10-27 12:22:49'),
	(1666, 20, 1, '2025-10-27 12:22:49'),
	(1667, 20, 1, '2025-10-27 12:22:49'),
	(1668, 20, 1, '2025-10-27 12:22:49'),
	(1669, 20, 1, '2025-10-27 12:22:49'),
	(1670, 20, 1, '2025-10-27 12:22:49'),
	(1671, 20, 1, '2025-10-27 12:22:49'),
	(1672, 20, 1, '2025-10-27 12:22:49'),
	(1673, 20, 1, '2025-10-27 12:22:49'),
	(1674, 20, 1, '2025-10-27 12:22:49'),
	(1675, 20, 1, '2025-10-27 12:22:49'),
	(1676, 20, 1, '2025-10-27 12:22:49'),
	(1677, 20, 1, '2025-10-27 12:22:50'),
	(1678, 20, 1, '2025-10-27 12:22:50'),
	(1679, 20, 1, '2025-10-27 12:22:50'),
	(1680, 20, 1, '2025-10-27 12:22:50'),
	(1681, 20, 1, '2025-10-27 12:22:50'),
	(1682, 20, 1, '2025-10-27 12:22:50'),
	(1683, 20, 1, '2025-10-27 12:22:50'),
	(1684, 20, 1, '2025-10-27 12:22:50'),
	(1685, 20, 1, '2025-10-27 12:22:50'),
	(1686, 20, 1, '2025-10-27 12:22:49'),
	(1687, 20, 1, '2025-10-27 12:22:49'),
	(1688, 20, 1, '2025-10-27 12:22:49'),
	(1689, 20, 1, '2025-10-27 12:22:49'),
	(1690, 20, 1, '2025-10-27 12:22:49'),
	(1691, 20, 1, '2025-10-27 12:22:49'),
	(1692, 20, 1, '2025-10-27 12:22:49'),
	(1693, 20, 1, '2025-10-27 12:22:49'),
	(1694, 20, 1, '2025-10-27 12:22:49'),
	(1695, 20, 1, '2025-10-27 12:22:49'),
	(1696, 20, 1, '2025-10-27 12:22:49'),
	(1697, 20, 1, '2025-10-27 12:22:49'),
	(1698, 20, 1, '2025-10-27 12:22:49'),
	(1699, 20, 1, '2025-10-27 12:22:49'),
	(1700, 20, 1, '2025-10-27 12:22:49'),
	(1701, 20, 1, '2025-10-27 12:22:49'),
	(1702, 20, 1, '2025-10-27 12:22:49'),
	(1703, 20, 1, '2025-10-27 12:22:49'),
	(1704, 20, 1, '2025-10-27 12:22:49'),
	(1705, 20, 1, '2025-10-27 12:22:49'),
	(1706, 20, 1, '2025-10-27 12:22:49'),
	(1707, 20, 1, '2025-10-27 12:22:49'),
	(1708, 20, 1, '2025-10-27 12:22:49'),
	(1709, 20, 1, '2025-10-27 12:22:49'),
	(1710, 20, 1, '2025-10-27 12:22:49'),
	(1711, 20, 1, '2025-10-27 12:22:49'),
	(1712, 20, 1, '2025-10-27 12:22:50'),
	(1713, 20, 1, '2025-10-27 12:22:50'),
	(1714, 20, 1, '2025-10-27 12:22:50'),
	(1715, 20, 1, '2025-10-27 12:22:50'),
	(1716, 20, 1, '2025-10-27 12:22:50'),
	(1717, 20, 1, '2025-10-27 12:22:50'),
	(1718, 20, 1, '2025-10-27 12:22:50'),
	(1719, 20, 1, '2025-10-27 12:22:50');

-- Volcando estructura para procedimiento votacion_escolar.asignar_alumnos_a_mesas
DELIMITER //
CREATE PROCEDURE `asignar_alumnos_a_mesas`(IN p_id_proceso INT)
BEGIN
    DECLARE total_mesas INT;
    DECLARE total_alumnos INT;
    DECLARE alumnos_primaria INT;
    DECLARE alumnos_secundaria INT;
    DECLARE alumnos_por_mesa INT;
    DECLARE resto INT;

    -- Borrar asignaciones anteriores para este proceso
    DELETE FROM asignacion_mesa WHERE id_proceso = p_id_proceso;
    
    -- Contar mesas activas para este proceso
    SELECT COUNT(*) INTO total_mesas 
    FROM mesa_sufragio 
    WHERE id_proceso = p_id_proceso AND activo = 1;
    
    IF total_mesas = 0 THEN
        SIGNAL SQLSTATE '45000' SET MESSAGE_TEXT = 'No hay mesas activas para este proceso.';
    END IF;
    
    -- Contar alumnos activos por nivel
    SELECT COUNT(*) INTO total_alumnos 
    FROM alumnos 
    WHERE activo = 1;
    
    SELECT COUNT(*) INTO alumnos_primaria 
    FROM alumnos 
    WHERE activo = 1 AND nivel = 'Primaria';
    
    SELECT COUNT(*) INTO alumnos_secundaria 
    FROM alumnos 
    WHERE activo = 1 AND nivel = 'Secundaria';
    
    IF total_alumnos = 0 THEN
        SIGNAL SQLSTATE '45000' SET MESSAGE_TEXT = 'No hay alumnos activos para este proceso.';
    END IF;
    
    -- Calcular alumnos por mesa
    SET alumnos_por_mesa = FLOOR(total_alumnos / total_mesas);
    SET resto = total_alumnos % total_mesas;
    
    -- Crear tabla temporal para alumnos con orden aleatorio por nivel
    DROP TEMPORARY TABLE IF EXISTS temp_alumnos;
    CREATE TEMPORARY TABLE temp_alumnos AS
    SELECT a.id_alumno, a.nivel,
           @row_num := IF(@prev_nivel = a.nivel, @row_num + 1, 1) AS fila
    FROM alumnos a, (SELECT @row_num := 0, @prev_nivel := NULL) AS vars
    WHERE a.activo = 1
    ORDER BY a.nivel, RAND();
    
    -- Crear tabla temporal para mesas con orden aleatorio
    DROP TEMPORARY TABLE IF EXISTS temp_mesas;
    CREATE TEMPORARY TABLE temp_mesas AS
    SELECT id_mesa, @m_row := @m_row + 1 AS orden
    FROM mesa_sufragio, (SELECT @m_row := 0) AS m_vars
    WHERE id_proceso = p_id_proceso AND activo = 1
    ORDER BY RAND();
    
    -- Asignar alumnos a mesas, evitando mesas previas
    INSERT INTO asignacion_mesa (id_alumno, id_mesa, id_proceso)
    SELECT 
        a.id_alumno,
        m.id_mesa,
        p_id_proceso
    FROM temp_alumnos a
    CROSS JOIN temp_mesas m
    LEFT JOIN (
        SELECT id_alumno, id_mesa
        FROM asignacion_mesa
        WHERE id_proceso < p_id_proceso
        GROUP BY id_alumno, id_mesa
    ) prev ON a.id_alumno = prev.id_alumno AND m.id_mesa = prev.id_mesa
    WHERE prev.id_mesa IS NULL
    AND m.orden = (
        CASE 
            WHEN a.fila <= (alumnos_por_mesa + 1) * resto THEN
                CEIL(a.fila / (alumnos_por_mesa + 1))
            ELSE
                resto + CEIL((a.fila - (alumnos_por_mesa + 1) * resto) / alumnos_por_mesa)
        END
    )
    ORDER BY a.nivel, RAND()
    LIMIT total_alumnos;
    
    -- Limpiar tablas temporales
    DROP TEMPORARY TABLE IF EXISTS temp_alumnos;
    DROP TEMPORARY TABLE IF EXISTS temp_mesas;
END//
DELIMITER ;

-- Volcando estructura para tabla votacion_escolar.candidato
CREATE TABLE IF NOT EXISTS `candidato` (
  `id_candidato` int NOT NULL AUTO_INCREMENT,
  `id_alumno` int NOT NULL,
  `id_proceso` int NOT NULL,
  `foto_perfil` varchar(255) CHARACTER SET utf8mb4 COLLATE utf8mb4_0900_ai_ci DEFAULT NULL,
  `foto_campaña` varchar(255) CHARACTER SET utf8mb4 COLLATE utf8mb4_0900_ai_ci DEFAULT NULL,
  `lema` varchar(200) DEFAULT NULL,
  `fecha_registro` datetime NOT NULL DEFAULT CURRENT_TIMESTAMP,
  PRIMARY KEY (`id_candidato`),
  UNIQUE KEY `uk_candidato_proceso_alumno` (`id_alumno`,`id_proceso`),
  KEY `fk_candidato_alumno` (`id_alumno`),
  KEY `fk_candidato_proceso` (`id_proceso`),
  CONSTRAINT `fk_candidato_alumno` FOREIGN KEY (`id_alumno`) REFERENCES `alumnos` (`id_alumno`) ON DELETE CASCADE,
  CONSTRAINT `fk_candidato_proceso` FOREIGN KEY (`id_proceso`) REFERENCES `proceso_electoral` (`id_proceso`) ON DELETE CASCADE
) ENGINE=InnoDB AUTO_INCREMENT=17 DEFAULT CHARSET=utf8mb4 COLLATE=utf8mb4_0900_ai_ci;

-- Volcando datos para la tabla votacion_escolar.candidato: ~7 rows (aproximadamente)
INSERT INTO `candidato` (`id_candidato`, `id_alumno`, `id_proceso`, `foto_perfil`, `foto_campaña`, `lema`, `fecha_registro`) VALUES
	(13, 1578, 1, 'WhatsApp Image 2025-10-24 at 9.36.39 AM_1761585441_7127.jpeg', 'WhatsApp Image 2025-10-23 at 9.05.37 AM_1761585441_8034.jpeg', 'Union y Fuerza Mariana', '2025-10-27 12:17:21'),
	(14, 1452, 1, 'WhatsApp Image 2025-10-24 at 9.34.06 AM_1761585482_2748.jpeg', 'WhatsApp Image 2025-10-23 at 9.09.14 AM_1761585482_6733.jpeg', 'Las Pastorcitas de Maria', '2025-10-27 12:18:02'),
	(15, 1517, 1, 'WhatsApp Image 2025-10-24 at 9.38.44 AM_1762179514_5733.jpeg', 'WhatsApp Image 2025-10-23 at 8.59.59 AM_1762179514_8876.jpeg', 'Unidas Por el exito', '2025-11-03 09:18:34'),
	(16, 1508, 1, 'WhatsApp Image 2025-10-24 at 9.44.10 AM_1762179635_2652.jpeg', 'WhatsApp Image 2025-10-23 at 8.58.35 AM_1762179635_6966.jpeg', 'Juntas por un Futuro Mejor', '2025-11-03 09:20:35');

-- Volcando estructura para función votacion_escolar.generar_usuario_unico
DELIMITER //
CREATE FUNCTION `generar_usuario_unico`(nombre VARCHAR(100), apellido VARCHAR(100)) RETURNS varchar(50) CHARSET utf8mb4
    READS SQL DATA
    DETERMINISTIC
BEGIN
    DECLARE base_usuario VARCHAR(10);
    DECLARE nuevo_usuario VARCHAR(50);
    DECLARE contador INT DEFAULT 1;
    
    SET base_usuario = LOWER(CONCAT(LEFT(nombre, 1), LEFT(apellido, 3)));
    SET nuevo_usuario = base_usuario;
    
    WHILE EXISTS (SELECT 1 FROM usuario WHERE usuario = nuevo_usuario) DO
        SET nuevo_usuario = CONCAT(base_usuario, contador);
        SET contador = contador + 1;
    END WHILE;
    
    RETURN nuevo_usuario;
END//
DELIMITER ;

-- Volcando estructura para tabla votacion_escolar.mesa_sufragio
CREATE TABLE IF NOT EXISTS `mesa_sufragio` (
  `id_mesa` int NOT NULL AUTO_INCREMENT,
  `id_proceso` int NOT NULL,
  `numero` varchar(10) NOT NULL,
  `ubicacion` varchar(100) NOT NULL,
  `nivel` varchar(20) CHARACTER SET utf8mb4 COLLATE utf8mb4_0900_ai_ci NOT NULL DEFAULT 'Primaria',
  `activo` tinyint(1) NOT NULL DEFAULT '1',
  PRIMARY KEY (`id_mesa`),
  UNIQUE KEY `uk_mesa_proceso` (`numero`,`id_proceso`),
  KEY `fk_mesa_proceso` (`id_proceso`),
  CONSTRAINT `fk_mesa_proceso` FOREIGN KEY (`id_proceso`) REFERENCES `proceso_electoral` (`id_proceso`) ON DELETE CASCADE,
  CONSTRAINT `chk_mesa_nivel` CHECK ((`nivel` in (_utf8mb4'Primaria',_utf8mb4'Secundaria')))
) ENGINE=InnoDB AUTO_INCREMENT=21 DEFAULT CHARSET=utf8mb4 COLLATE=utf8mb4_0900_ai_ci;

-- Volcando datos para la tabla votacion_escolar.mesa_sufragio: ~11 rows (aproximadamente)
INSERT INTO `mesa_sufragio` (`id_mesa`, `id_proceso`, `numero`, `ubicacion`, `nivel`, `activo`) VALUES
	(10, 1, 'SEC-001', 'Aula A', 'Secundaria', 1),
	(11, 1, 'SEC-002', 'Aula A', 'Secundaria', 1),
	(12, 1, 'SEC-003', 'Aula A', 'Secundaria', 1),
	(13, 1, 'SEC-004', 'Aula A', 'Secundaria', 1),
	(14, 1, 'SEC-005', 'Aula A', 'Secundaria', 1),
	(15, 1, 'PRI-001', 'Aula de Novacion Pedalogica', 'Primaria', 1),
	(16, 1, 'PRI-002', 'Aula de Novacion Pedalogica', 'Primaria', 1),
	(17, 1, 'PRI-003', 'Aula de Novacion Pedalogica', 'Primaria', 1),
	(18, 1, 'PRI-004', 'AULA CIST ( COSTADO DE AIP)', 'Primaria', 1),
	(19, 1, 'PRI-005', 'AULA CIST ( COSTADO DE AIP)', 'Primaria', 1),
	(20, 1, 'PRI-006', 'AULA CIST ( COSTADO DE AIP)', 'Primaria', 1);

-- Volcando estructura para tabla votacion_escolar.proceso_electoral
CREATE TABLE IF NOT EXISTS `proceso_electoral` (
  `id_proceso` int NOT NULL AUTO_INCREMENT,
  `nombre` varchar(100) NOT NULL,
  `descripcion` text,
  `fecha_inicio` date NOT NULL,
  `fecha_fin` date NOT NULL,
  `activo` tinyint(1) NOT NULL DEFAULT '0',
  PRIMARY KEY (`id_proceso`),
  CONSTRAINT `proceso_electoral_chk_1` CHECK ((`fecha_fin` >= `fecha_inicio`))
) ENGINE=InnoDB AUTO_INCREMENT=2 DEFAULT CHARSET=utf8mb4 COLLATE=utf8mb4_0900_ai_ci;

-- Volcando datos para la tabla votacion_escolar.proceso_electoral: ~0 rows (aproximadamente)
INSERT INTO `proceso_electoral` (`id_proceso`, `nombre`, `descripcion`, `fecha_inicio`, `fecha_fin`, `activo`) VALUES
	(1, 'Elecciones 2025', 'Elecciones escolares', '2025-09-26', '2025-10-03', 1);

-- Volcando estructura para tabla votacion_escolar.rol
CREATE TABLE IF NOT EXISTS `rol` (
  `id_rol` int NOT NULL AUTO_INCREMENT,
  `nombre` varchar(50) NOT NULL,
  PRIMARY KEY (`id_rol`),
  UNIQUE KEY `nombre` (`nombre`)
) ENGINE=InnoDB AUTO_INCREMENT=3 DEFAULT CHARSET=utf8mb4 COLLATE=utf8mb4_0900_ai_ci;

-- Volcando datos para la tabla votacion_escolar.rol: ~2 rows (aproximadamente)
INSERT INTO `rol` (`id_rol`, `nombre`) VALUES
	(1, 'Administrador'),
	(2, 'Miembro de Mesa');

-- Volcando estructura para tabla votacion_escolar.usuario
CREATE TABLE IF NOT EXISTS `usuario` (
  `id_usuario` int NOT NULL AUTO_INCREMENT,
  `id_rol` int NOT NULL,
  `nombre` varchar(100) NOT NULL,
  `apellido` varchar(100) NOT NULL,
  `usuario` varchar(50) NOT NULL,
  `password` varchar(255) NOT NULL,
  `estado` tinyint(1) NOT NULL DEFAULT '1',
  `fecha_creacion` datetime NOT NULL DEFAULT CURRENT_TIMESTAMP,
  PRIMARY KEY (`id_usuario`),
  UNIQUE KEY `usuario` (`usuario`),
  KEY `fk_usuario_rol` (`id_rol`),
  CONSTRAINT `fk_usuario_rol` FOREIGN KEY (`id_rol`) REFERENCES `rol` (`id_rol`) ON DELETE RESTRICT
) ENGINE=InnoDB AUTO_INCREMENT=6 DEFAULT CHARSET=utf8mb4 COLLATE=utf8mb4_0900_ai_ci;

-- Volcando datos para la tabla votacion_escolar.usuario: ~3 rows (aproximadamente)
INSERT INTO `usuario` (`id_usuario`, `id_rol`, `nombre`, `apellido`, `usuario`, `password`, `estado`, `fecha_creacion`) VALUES
	(1, 1, 'Alexander', 'Mejia', 'aram', '$2y$10$.yrRnvagUDRUvdx8QwHp0OmFotaalWHpa36bXi/VkHrSzDp/b7NaS', 1, '2025-09-26 11:05:52'),
	(3, 2, 'Aldair Alexander', 'Mejia Giron', 'amej', '$2y$10$fCtitDcY64i4iWOmyyeH8...8JzZxYhnMPFlcIqDP8fMoSaVNtzDq', 0, '2025-10-03 10:02:39'),
	(4, 2, 'Alexander', 'Giron', 'agir', '$2y$10$ZQMe0kX8J5huxKzvdzqfSOBG8NCa.R.QlNhogh808oNl6gPnjOsia', 0, '2025-10-13 15:37:27'),
	(5, 1, 'Francisco Antonio', 'Ontaneda Quezada', 'font', '$2y$10$JUwCK6TOD.972hI36iZSg.Ivj.cPSJA97pSsPwctALskTal8tdjNa', 1, '2025-10-28 07:42:27');

-- Volcando estructura para tabla votacion_escolar.voto
CREATE TABLE IF NOT EXISTS `voto` (
  `id_voto` int NOT NULL AUTO_INCREMENT,
  `id_mesa` int NOT NULL,
  `id_candidato` int DEFAULT NULL,
  `id_alumno` int NOT NULL,
  `id_proceso` int NOT NULL,
  `fecha_voto` timestamp NULL DEFAULT CURRENT_TIMESTAMP,
  PRIMARY KEY (`id_voto`),
  UNIQUE KEY `id_alumno` (`id_alumno`,`id_proceso`),
  KEY `id_mesa` (`id_mesa`),
  KEY `id_candidato` (`id_candidato`),
  KEY `id_proceso` (`id_proceso`),
  CONSTRAINT `voto_ibfk_1` FOREIGN KEY (`id_mesa`) REFERENCES `mesa_sufragio` (`id_mesa`),
  CONSTRAINT `voto_ibfk_2` FOREIGN KEY (`id_candidato`) REFERENCES `candidato` (`id_candidato`),
  CONSTRAINT `voto_ibfk_3` FOREIGN KEY (`id_alumno`) REFERENCES `alumnos` (`id_alumno`),
  CONSTRAINT `voto_ibfk_4` FOREIGN KEY (`id_proceso`) REFERENCES `proceso_electoral` (`id_proceso`)
) ENGINE=InnoDB AUTO_INCREMENT=623 DEFAULT CHARSET=utf8mb4 COLLATE=utf8mb4_0900_ai_ci;

-- Volcando datos para la tabla votacion_escolar.voto: ~588 rows (aproximadamente)
INSERT INTO `voto` (`id_voto`, `id_mesa`, `id_candidato`, `id_alumno`, `id_proceso`, `fecha_voto`) VALUES
	(2, 15, 15, 918, 1, '2025-11-07 13:09:29'),
	(3, 18, 16, 1319, 1, '2025-11-07 13:10:01'),
	(4, 15, 13, 919, 1, '2025-11-07 13:10:10'),
	(5, 18, 14, 1324, 1, '2025-11-07 13:10:17'),
	(6, 15, 14, 920, 1, '2025-11-07 13:10:38'),
	(7, 18, 15, 1318, 1, '2025-11-07 13:10:43'),
	(8, 15, 14, 924, 1, '2025-11-07 13:11:25'),
	(9, 15, 16, 927, 1, '2025-11-07 13:12:04'),
	(10, 15, 14, 925, 1, '2025-11-07 13:12:14'),
	(11, 18, 15, 1338, 1, '2025-11-07 13:12:51'),
	(12, 15, 16, 929, 1, '2025-11-07 13:13:01'),
	(13, 15, 14, 930, 1, '2025-11-07 13:13:08'),
	(14, 18, 14, 1335, 1, '2025-11-07 13:14:20'),
	(15, 15, 14, 933, 1, '2025-11-07 13:14:31'),
	(16, 15, 14, 932, 1, '2025-11-07 13:14:38'),
	(17, 15, 16, 922, 1, '2025-11-07 13:15:35'),
	(18, 15, 14, 937, 1, '2025-11-07 13:16:28'),
	(19, 15, 14, 940, 1, '2025-11-07 13:16:52'),
	(20, 18, 15, 1339, 1, '2025-11-07 13:17:08'),
	(21, 15, 16, 935, 1, '2025-11-07 13:17:08'),
	(22, 18, 14, 1347, 1, '2025-11-07 13:17:23'),
	(23, 15, 16, 941, 1, '2025-11-07 13:18:11'),
	(24, 15, 16, 943, 1, '2025-11-07 13:18:49'),
	(25, 18, 15, 1317, 1, '2025-11-07 13:18:57'),
	(26, 15, 14, 945, 1, '2025-11-07 13:19:13'),
	(27, 18, 15, 1329, 1, '2025-11-07 13:19:37'),
	(28, 15, 14, 946, 1, '2025-11-07 13:19:53'),
	(29, 15, 13, 942, 1, '2025-11-07 13:20:29'),
	(30, 18, 14, 1344, 1, '2025-11-07 13:20:30'),
	(31, 15, 16, 936, 1, '2025-11-07 13:21:02'),
	(32, 18, 15, 1327, 1, '2025-11-07 13:21:09'),
	(33, 18, 14, 1334, 1, '2025-11-07 13:21:50'),
	(34, 18, 15, 1340, 1, '2025-11-07 13:23:12'),
	(35, 15, 15, 928, 1, '2025-11-07 13:23:31'),
	(36, 18, 15, 1326, 1, '2025-11-07 13:24:53'),
	(37, 18, 14, 1333, 1, '2025-11-07 13:25:15'),
	(38, 18, 15, 1346, 1, '2025-11-07 13:26:25'),
	(39, 18, 14, 1345, 1, '2025-11-07 13:27:03'),
	(40, 18, 14, 1328, 1, '2025-11-07 13:29:14'),
	(41, 18, 14, 1341, 1, '2025-11-07 13:29:31'),
	(42, 18, 15, 1321, 1, '2025-11-07 13:30:13'),
	(43, 18, 15, 1336, 1, '2025-11-07 13:31:13'),
	(44, 18, 15, 1332, 1, '2025-11-07 13:32:52'),
	(45, 18, 16, 1325, 1, '2025-11-07 13:33:16'),
	(46, 18, 14, 1343, 1, '2025-11-07 13:34:01'),
	(47, 18, 14, 1342, 1, '2025-11-07 13:34:04'),
	(48, 18, 16, 1322, 1, '2025-11-07 13:34:24'),
	(49, 15, 14, 972, 1, '2025-11-07 13:34:34'),
	(50, 15, 14, 948, 1, '2025-11-07 13:34:54'),
	(51, 15, 16, 958, 1, '2025-11-07 13:35:12'),
	(52, 18, 14, 1330, 1, '2025-11-07 13:35:39'),
	(53, 18, 15, 1348, 1, '2025-11-07 13:36:13'),
	(54, 18, 15, 1337, 1, '2025-11-07 13:37:11'),
	(55, 15, 16, 969, 1, '2025-11-07 13:37:44'),
	(56, 15, 14, 955, 1, '2025-11-07 13:38:11'),
	(57, 18, 14, 1379, 1, '2025-11-07 13:39:44'),
	(58, 18, 14, 1366, 1, '2025-11-07 13:39:44'),
	(59, 15, 15, 967, 1, '2025-11-07 13:40:19'),
	(60, 15, 14, 971, 1, '2025-11-07 13:40:55'),
	(61, 18, 14, 1355, 1, '2025-11-07 13:41:22'),
	(62, 15, 16, 963, 1, '2025-11-07 13:41:29'),
	(63, 18, 14, 1369, 1, '2025-11-07 13:41:40'),
	(64, 15, 14, 959, 1, '2025-11-07 13:42:26'),
	(65, 18, 14, 1357, 1, '2025-11-07 13:42:51'),
	(66, 18, 14, 1372, 1, '2025-11-07 13:43:10'),
	(67, 15, 14, 962, 1, '2025-11-07 13:43:24'),
	(68, 18, 14, 1381, 1, '2025-11-07 13:43:26'),
	(69, 15, 14, 957, 1, '2025-11-07 13:44:03'),
	(70, 15, 14, 954, 1, '2025-11-07 13:44:41'),
	(71, 15, 14, 947, 1, '2025-11-07 13:45:49'),
	(72, 18, 14, 1378, 1, '2025-11-07 13:45:50'),
	(73, 18, 14, 1373, 1, '2025-11-07 13:46:16'),
	(74, 18, 14, 1360, 1, '2025-11-07 13:46:28'),
	(75, 15, 16, 974, 1, '2025-11-07 13:46:45'),
	(76, 15, 14, 977, 1, '2025-11-07 13:46:57'),
	(77, 18, 14, 1353, 1, '2025-11-07 13:47:17'),
	(78, 15, 16, 956, 1, '2025-11-07 13:47:47'),
	(79, 18, 14, 1377, 1, '2025-11-07 13:47:59'),
	(80, 15, 16, 950, 1, '2025-11-07 13:48:20'),
	(81, 15, 16, 968, 1, '2025-11-07 13:48:34'),
	(82, 18, 13, 1356, 1, '2025-11-07 13:49:21'),
	(83, 18, 14, 1380, 1, '2025-11-07 13:49:33'),
	(84, 18, 14, 1364, 1, '2025-11-07 13:50:06'),
	(85, 18, 16, 1350, 1, '2025-11-07 13:51:35'),
	(86, 15, 13, 979, 1, '2025-11-07 13:51:41'),
	(87, 15, 16, 996, 1, '2025-11-07 13:51:56'),
	(88, 18, 14, 1376, 1, '2025-11-07 13:52:19'),
	(89, 18, 14, 1367, 1, '2025-11-07 13:52:39'),
	(90, 18, 15, 1375, 1, '2025-11-07 13:53:37'),
	(91, 18, 14, 1365, 1, '2025-11-07 13:53:54'),
	(92, 15, 16, 990, 1, '2025-11-07 13:54:00'),
	(93, 16, 15, 1141, 1, '2025-11-07 13:54:04'),
	(94, 18, 14, 1362, 1, '2025-11-07 13:55:05'),
	(95, 15, 16, 986, 1, '2025-11-07 13:55:26'),
	(96, 18, 16, 1363, 1, '2025-11-07 13:55:40'),
	(97, 15, 13, 984, 1, '2025-11-07 13:55:45'),
	(98, 15, 15, 988, 1, '2025-11-07 13:56:24'),
	(99, 15, 16, 998, 1, '2025-11-07 13:57:22'),
	(100, 18, 14, 1352, 1, '2025-11-07 13:57:59'),
	(101, 18, 14, 1351, 1, '2025-11-07 13:58:01'),
	(102, 15, 16, 989, 1, '2025-11-07 13:58:31'),
	(103, 18, 13, 1359, 1, '2025-11-07 13:58:44'),
	(104, 18, 14, 1358, 1, '2025-11-07 13:59:37'),
	(105, 18, 14, 1374, 1, '2025-11-07 14:00:10'),
	(106, 15, 15, 1003, 1, '2025-11-07 14:00:35'),
	(107, 18, 14, 1349, 1, '2025-11-07 14:00:38'),
	(108, 15, 16, 980, 1, '2025-11-07 14:01:35'),
	(109, 15, 16, 983, 1, '2025-11-07 14:01:35'),
	(110, 15, 16, 997, 1, '2025-11-07 14:02:11'),
	(111, 15, 16, 992, 1, '2025-11-07 14:04:35'),
	(112, 18, 14, 1414, 1, '2025-11-07 14:05:13'),
	(113, 18, 14, 1382, 1, '2025-11-07 14:05:59'),
	(114, 18, 14, 1386, 1, '2025-11-07 14:06:32'),
	(115, 18, 14, 1396, 1, '2025-11-07 14:07:15'),
	(116, 18, 14, 1385, 1, '2025-11-07 14:07:35'),
	(117, 15, 15, 1011, 1, '2025-11-07 14:08:59'),
	(118, 15, 14, 1030, 1, '2025-11-07 14:09:59'),
	(119, 15, 15, 1033, 1, '2025-11-07 14:10:18'),
	(120, 18, 14, 1412, 1, '2025-11-07 14:10:50'),
	(121, 18, 14, 1398, 1, '2025-11-07 14:10:57'),
	(122, 15, 16, 1015, 1, '2025-11-07 14:11:10'),
	(123, 15, 16, 1024, 1, '2025-11-07 14:11:31'),
	(124, 15, 16, 1036, 1, '2025-11-07 14:11:43'),
	(125, 18, 14, 1406, 1, '2025-11-07 14:11:48'),
	(126, 18, 14, 1394, 1, '2025-11-07 14:13:07'),
	(127, 15, 14, 1037, 1, '2025-11-07 14:13:15'),
	(128, 18, 13, 1399, 1, '2025-11-07 14:13:27'),
	(129, 15, 16, 1031, 1, '2025-11-07 14:13:47'),
	(130, 18, 14, 1410, 1, '2025-11-07 14:14:08'),
	(131, 15, 13, 1016, 1, '2025-11-07 14:14:10'),
	(132, 18, 14, 1408, 1, '2025-11-07 14:14:25'),
	(133, 15, 14, 1018, 1, '2025-11-07 14:15:40'),
	(134, 18, 14, 1411, 1, '2025-11-07 14:15:57'),
	(135, 18, 14, 1384, 1, '2025-11-07 14:15:58'),
	(136, 18, 14, 1395, 1, '2025-11-07 14:16:00'),
	(137, 15, 16, 1009, 1, '2025-11-07 14:16:17'),
	(138, 15, 16, 1027, 1, '2025-11-07 14:16:42'),
	(139, 18, 14, 1389, 1, '2025-11-07 14:16:57'),
	(140, 18, 14, 1388, 1, '2025-11-07 14:17:41'),
	(141, 15, 15, 1025, 1, '2025-11-07 14:17:56'),
	(142, 18, 14, 1409, 1, '2025-11-07 14:18:37'),
	(143, 18, 14, 1401, 1, '2025-11-07 14:18:42'),
	(144, 18, 14, 1400, 1, '2025-11-07 14:19:28'),
	(145, 18, 14, 1407, 1, '2025-11-07 14:21:24'),
	(146, 18, 16, 1391, 1, '2025-11-07 14:21:32'),
	(147, 18, 14, 1404, 1, '2025-11-07 14:21:44'),
	(148, 18, 14, 1383, 1, '2025-11-07 14:22:38'),
	(149, 18, 13, 1402, 1, '2025-11-07 14:22:52'),
	(150, 18, 14, 1405, 1, '2025-11-07 14:23:37'),
	(151, 16, 16, 1055, 1, '2025-11-07 14:26:05'),
	(152, 16, 16, 1056, 1, '2025-11-07 14:27:37'),
	(153, 16, 16, 1049, 1, '2025-11-07 14:28:27'),
	(154, 16, 16, 1057, 1, '2025-11-07 14:29:03'),
	(155, 18, 14, 1443, 1, '2025-11-07 14:29:44'),
	(156, 16, 16, 1045, 1, '2025-11-07 14:29:50'),
	(157, 18, 14, 1435, 1, '2025-11-07 14:30:34'),
	(158, 16, 15, 1070, 1, '2025-11-07 14:30:42'),
	(159, 18, 14, 1439, 1, '2025-11-07 14:31:21'),
	(160, 16, 15, 1048, 1, '2025-11-07 14:31:24'),
	(161, 18, 15, 1431, 1, '2025-11-07 14:31:24'),
	(162, 16, 14, 1053, 1, '2025-11-07 14:31:41'),
	(163, 18, 14, 1420, 1, '2025-11-07 14:32:02'),
	(164, 16, 15, 1059, 1, '2025-11-07 14:32:39'),
	(165, 16, 14, 1038, 1, '2025-11-07 14:33:00'),
	(166, 18, 14, 1432, 1, '2025-11-07 14:33:18'),
	(167, 18, 15, 1430, 1, '2025-11-07 14:34:10'),
	(168, 16, 14, 1047, 1, '2025-11-07 14:34:15'),
	(169, 16, 14, 1060, 1, '2025-11-07 14:34:17'),
	(170, 18, 16, 1438, 1, '2025-11-07 14:34:20'),
	(171, 18, 13, 1440, 1, '2025-11-07 14:34:22'),
	(172, 16, 14, 1068, 1, '2025-11-07 14:35:19'),
	(173, 16, 14, 1062, 1, '2025-11-07 14:35:19'),
	(174, 18, 13, 1433, 1, '2025-11-07 14:35:47'),
	(175, 16, 14, 1052, 1, '2025-11-07 14:37:00'),
	(176, 18, 13, 1418, 1, '2025-11-07 14:37:16'),
	(177, 18, 13, 1429, 1, '2025-11-07 14:37:42'),
	(178, 18, 14, 1415, 1, '2025-11-07 14:37:43'),
	(179, 16, 16, 1051, 1, '2025-11-07 14:37:57'),
	(180, 16, 16, 1061, 1, '2025-11-07 14:38:11'),
	(181, 16, 15, 1039, 1, '2025-11-07 14:39:31'),
	(182, 16, 13, 1054, 1, '2025-11-07 14:40:02'),
	(183, 18, 15, 1419, 1, '2025-11-07 14:40:23'),
	(184, 16, 15, 1069, 1, '2025-11-07 14:40:27'),
	(185, 18, 13, 1428, 1, '2025-11-07 14:40:37'),
	(186, 18, 16, 1425, 1, '2025-11-07 14:40:41'),
	(187, 16, 16, 1067, 1, '2025-11-07 14:41:24'),
	(188, 18, 13, 1423, 1, '2025-11-07 14:42:01'),
	(189, 16, 16, 1041, 1, '2025-11-07 14:42:06'),
	(190, 18, 14, 1444, 1, '2025-11-07 14:42:07'),
	(191, 16, 15, 1050, 1, '2025-11-07 14:42:17'),
	(192, 16, 16, 1058, 1, '2025-11-07 14:43:11'),
	(193, 18, 13, 1437, 1, '2025-11-07 14:43:14'),
	(194, 18, 13, 1422, 1, '2025-11-07 14:43:23'),
	(195, 16, 14, 1042, 1, '2025-11-07 14:43:24'),
	(196, 16, 16, 1065, 1, '2025-11-07 14:44:10'),
	(197, 16, 16, 1040, 1, '2025-11-07 14:45:37'),
	(198, 16, 15, 1066, 1, '2025-11-07 14:46:18'),
	(199, 16, 14, 1043, 1, '2025-11-07 14:47:13'),
	(200, 18, 14, 1434, 1, '2025-11-07 14:47:18'),
	(201, 16, 15, 1064, 1, '2025-11-07 14:47:42'),
	(202, 18, 14, 1442, 1, '2025-11-07 14:50:10'),
	(203, 18, 14, 1424, 1, '2025-11-07 14:50:19'),
	(204, 18, 14, 1421, 1, '2025-11-07 14:51:01'),
	(205, 18, 13, 1441, 1, '2025-11-07 14:52:27'),
	(206, 18, 14, 1446, 1, '2025-11-07 14:53:16'),
	(207, 18, 14, 1417, 1, '2025-11-07 14:53:23'),
	(208, 18, 14, 1436, 1, '2025-11-07 14:53:36'),
	(209, 16, 15, 1073, 1, '2025-11-07 14:54:42'),
	(210, 18, 14, 1416, 1, '2025-11-07 14:55:04'),
	(211, 16, 15, 1079, 1, '2025-11-07 14:55:23'),
	(212, 16, 15, 1087, 1, '2025-11-07 14:56:10'),
	(213, 16, 15, 1101, 1, '2025-11-07 14:57:10'),
	(214, 16, 15, 1098, 1, '2025-11-07 14:57:58'),
	(215, 16, 15, 1100, 1, '2025-11-07 14:58:42'),
	(216, 16, 15, 1089, 1, '2025-11-07 14:59:39'),
	(217, 16, 15, 1095, 1, '2025-11-07 15:00:13'),
	(218, 16, 15, 1093, 1, '2025-11-07 15:00:25'),
	(219, 16, 13, 1103, 1, '2025-11-07 15:01:17'),
	(220, 16, 15, 1102, 1, '2025-11-07 15:01:27'),
	(221, 16, 15, 1081, 1, '2025-11-07 15:02:11'),
	(222, 16, 15, 1076, 1, '2025-11-07 15:02:44'),
	(223, 16, 15, 1105, 1, '2025-11-07 15:03:02'),
	(224, 16, 15, 1104, 1, '2025-11-07 15:03:33'),
	(225, 16, 15, 1080, 1, '2025-11-07 15:04:14'),
	(226, 16, 15, 1083, 1, '2025-11-07 15:04:18'),
	(227, 16, 15, 1096, 1, '2025-11-07 15:05:30'),
	(228, 16, 15, 1082, 1, '2025-11-07 15:05:58'),
	(229, 16, 15, 1094, 1, '2025-11-07 15:06:15'),
	(230, 16, 15, 1106, 1, '2025-11-07 15:06:38'),
	(231, 16, 15, 1086, 1, '2025-11-07 15:07:43'),
	(232, 16, 15, 1097, 1, '2025-11-07 15:09:02'),
	(233, 16, 15, 1075, 1, '2025-11-07 15:09:14'),
	(234, 16, 15, 1077, 1, '2025-11-07 15:10:15'),
	(235, 16, 15, 1078, 1, '2025-11-07 15:10:44'),
	(236, 16, 15, 1085, 1, '2025-11-07 15:10:57'),
	(237, 17, 16, 1198, 1, '2025-11-07 15:13:21'),
	(238, 17, 16, 1176, 1, '2025-11-07 15:14:06'),
	(239, 17, 13, 1196, 1, '2025-11-07 15:14:10'),
	(240, 19, 14, 1459, 1, '2025-11-07 15:14:36'),
	(241, 17, 16, 1187, 1, '2025-11-07 15:15:04'),
	(242, 19, 14, 1452, 1, '2025-11-07 15:15:04'),
	(243, 17, 16, 1192, 1, '2025-11-07 15:15:36'),
	(244, 17, 13, 1184, 1, '2025-11-07 15:15:48'),
	(245, 17, 16, 1206, 1, '2025-11-07 15:15:54'),
	(246, 17, 16, 1191, 1, '2025-11-07 15:16:08'),
	(247, 17, 16, 1204, 1, '2025-11-07 15:16:41'),
	(248, 17, 16, 1186, 1, '2025-11-07 15:17:32'),
	(249, 17, 16, 1182, 1, '2025-11-07 15:17:48'),
	(250, 17, 16, 1190, 1, '2025-11-07 15:18:08'),
	(251, 17, 14, 1201, 1, '2025-11-07 15:18:37'),
	(252, 17, 15, 1175, 1, '2025-11-07 15:19:14'),
	(253, 17, 16, 1203, 1, '2025-11-07 15:20:02'),
	(254, 17, 15, 1188, 1, '2025-11-07 15:20:16'),
	(255, 17, 16, 1195, 1, '2025-11-07 15:20:36'),
	(256, 17, 15, 1205, 1, '2025-11-07 15:20:58'),
	(257, 17, 16, 1177, 1, '2025-11-07 15:21:01'),
	(258, 17, 16, 1199, 1, '2025-11-07 15:21:32'),
	(259, 17, 16, 1193, 1, '2025-11-07 15:22:08'),
	(260, 17, 16, 1189, 1, '2025-11-07 15:22:57'),
	(261, 17, 16, 1194, 1, '2025-11-07 15:23:04'),
	(262, 17, 16, 1197, 1, '2025-11-07 15:23:48'),
	(263, 19, 14, 1456, 1, '2025-11-07 15:28:42'),
	(264, 19, 14, 1476, 1, '2025-11-07 15:29:33'),
	(265, 19, 14, 1471, 1, '2025-11-07 15:30:31'),
	(266, 16, 14, 1129, 1, '2025-11-07 15:31:17'),
	(267, 19, 14, 1473, 1, '2025-11-07 15:32:01'),
	(268, 19, 14, 1466, 1, '2025-11-07 15:32:02'),
	(269, 16, 14, 1133, 1, '2025-11-07 15:32:18'),
	(270, 16, 14, 1110, 1, '2025-11-07 15:32:57'),
	(271, 19, 14, 1460, 1, '2025-11-07 15:32:58'),
	(272, 16, 14, 1111, 1, '2025-11-07 15:33:27'),
	(273, 19, 14, 1455, 1, '2025-11-07 15:33:40'),
	(274, 16, 14, 1126, 1, '2025-11-07 15:34:08'),
	(275, 19, 15, 1458, 1, '2025-11-07 15:34:15'),
	(276, 16, 16, 1113, 1, '2025-11-07 15:34:48'),
	(277, 19, 14, 1475, 1, '2025-11-07 15:35:02'),
	(278, 19, 14, 1472, 1, '2025-11-07 15:35:11'),
	(279, 16, 14, 1108, 1, '2025-11-07 15:35:26'),
	(280, 16, 14, 1109, 1, '2025-11-07 15:35:44'),
	(281, 16, 14, 1114, 1, '2025-11-07 15:35:57'),
	(282, 16, 15, 1123, 1, '2025-11-07 15:36:27'),
	(283, 16, 14, 1112, 1, '2025-11-07 15:36:37'),
	(284, 16, 15, 1130, 1, '2025-11-07 15:36:55'),
	(285, 16, 15, 1116, 1, '2025-11-07 15:36:58'),
	(286, 19, 14, 1451, 1, '2025-11-07 15:37:29'),
	(287, 16, 14, 1128, 1, '2025-11-07 15:37:32'),
	(288, 16, 14, 1122, 1, '2025-11-07 15:37:46'),
	(289, 16, 13, 1127, 1, '2025-11-07 15:38:24'),
	(290, 16, 14, 1107, 1, '2025-11-07 15:38:32'),
	(291, 19, 14, 1465, 1, '2025-11-07 15:38:42'),
	(292, 16, 14, 1134, 1, '2025-11-07 15:38:42'),
	(293, 19, 14, 1469, 1, '2025-11-07 15:38:57'),
	(294, 16, 16, 1140, 1, '2025-11-07 15:39:07'),
	(295, 19, 16, 1508, 1, '2025-11-07 15:39:51'),
	(296, 16, 14, 1120, 1, '2025-11-07 15:40:03'),
	(297, 16, 14, 1131, 1, '2025-11-07 15:40:08'),
	(298, 16, 14, 1121, 1, '2025-11-07 15:40:52'),
	(299, 19, 14, 1461, 1, '2025-11-07 15:41:18'),
	(300, 19, 13, 1467, 1, '2025-11-07 15:41:38'),
	(301, 19, 14, 1453, 1, '2025-11-07 15:41:38'),
	(302, 16, 13, 1138, 1, '2025-11-07 15:41:50'),
	(303, 19, 14, 1468, 1, '2025-11-07 15:42:49'),
	(304, 19, 14, 1449, 1, '2025-11-07 15:43:04'),
	(305, 16, 14, 1118, 1, '2025-11-07 15:44:07'),
	(306, 19, 14, 1454, 1, '2025-11-07 15:44:28'),
	(307, 16, 14, 1117, 1, '2025-11-07 15:44:35'),
	(308, 16, 14, 1135, 1, '2025-11-07 15:45:09'),
	(309, 19, 14, 1474, 1, '2025-11-07 15:45:19'),
	(310, 19, 14, 1447, 1, '2025-11-07 15:45:31'),
	(311, 16, 14, 1119, 1, '2025-11-07 15:45:35'),
	(312, 16, 14, 1125, 1, '2025-11-07 15:45:46'),
	(313, 19, 16, 1489, 1, '2025-11-07 15:46:52'),
	(314, 16, 14, 1136, 1, '2025-11-07 15:47:06'),
	(315, 19, 14, 1479, 1, '2025-11-07 15:47:43'),
	(316, 16, 16, 1161, 1, '2025-11-07 15:48:04'),
	(317, 16, 14, 1163, 1, '2025-11-07 15:48:38'),
	(318, 19, 13, 1481, 1, '2025-11-07 15:48:41'),
	(319, 16, 16, 1152, 1, '2025-11-07 15:48:48'),
	(320, 16, 14, 1155, 1, '2025-11-07 15:49:18'),
	(321, 16, 16, 1173, 1, '2025-11-07 15:49:39'),
	(322, 16, 14, 1142, 1, '2025-11-07 15:50:10'),
	(323, 16, 16, 1150, 1, '2025-11-07 15:50:10'),
	(324, 19, 14, 1478, 1, '2025-11-07 15:50:58'),
	(325, 16, 14, 1156, 1, '2025-11-07 15:51:19'),
	(326, 16, 16, 1168, 1, '2025-11-07 15:51:42'),
	(327, 19, 15, 1490, 1, '2025-11-07 15:52:04'),
	(328, 19, 14, 1488, 1, '2025-11-07 15:52:11'),
	(329, 16, 16, 1144, 1, '2025-11-07 15:52:16'),
	(330, 16, 16, 1149, 1, '2025-11-07 15:52:16'),
	(331, 16, 14, 1171, 1, '2025-11-07 15:52:27'),
	(332, 16, 16, 1165, 1, '2025-11-07 15:53:09'),
	(333, 16, 14, 1157, 1, '2025-11-07 15:53:24'),
	(334, 19, 13, 1477, 1, '2025-11-07 15:53:25'),
	(335, 16, 16, 1164, 1, '2025-11-07 15:53:45'),
	(336, 19, 15, 1483, 1, '2025-11-07 15:54:03'),
	(337, 16, 16, 1167, 1, '2025-11-07 15:54:24'),
	(338, 16, 13, 1146, 1, '2025-11-07 15:54:24'),
	(339, 16, 16, 1151, 1, '2025-11-07 15:54:43'),
	(340, 19, 15, 1517, 1, '2025-11-07 15:55:09'),
	(341, 16, 15, 1162, 1, '2025-11-07 15:55:10'),
	(342, 16, 16, 1172, 1, '2025-11-07 15:55:40'),
	(343, 19, 14, 1480, 1, '2025-11-07 15:56:52'),
	(344, 19, 14, 1486, 1, '2025-11-07 15:57:55'),
	(345, 19, 15, 1545, 1, '2025-11-07 15:58:41'),
	(346, 19, 15, 1495, 1, '2025-11-07 16:00:38'),
	(347, 19, 16, 1499, 1, '2025-11-07 16:01:21'),
	(348, 19, 14, 1497, 1, '2025-11-07 16:01:24'),
	(349, 19, 13, 1498, 1, '2025-11-07 16:02:10'),
	(350, 19, 16, 1500, 1, '2025-11-07 16:03:19'),
	(351, 19, 16, 1482, 1, '2025-11-07 16:04:16'),
	(352, 19, 16, 1493, 1, '2025-11-07 16:04:38'),
	(353, 19, 16, 1484, 1, '2025-11-07 16:04:40'),
	(354, 19, 16, 1503, 1, '2025-11-07 16:05:02'),
	(355, 19, 16, 1491, 1, '2025-11-07 16:07:23'),
	(356, 19, 13, 1578, 1, '2025-11-07 16:07:36'),
	(357, 19, 15, 1510, 1, '2025-11-07 16:08:36'),
	(358, 19, 15, 1487, 1, '2025-11-07 16:11:31'),
	(359, 17, 14, 1239, 1, '2025-11-07 16:11:52'),
	(360, 17, 14, 1231, 1, '2025-11-07 16:12:20'),
	(361, 17, 14, 1238, 1, '2025-11-07 16:12:39'),
	(362, 19, 16, 1494, 1, '2025-11-07 16:12:41'),
	(363, 19, 16, 1507, 1, '2025-11-07 16:12:45'),
	(364, 17, 13, 1222, 1, '2025-11-07 16:13:00'),
	(365, 17, 13, 1229, 1, '2025-11-07 16:13:23'),
	(366, 19, 16, 1492, 1, '2025-11-07 16:13:25'),
	(367, 17, 14, 1241, 1, '2025-11-07 16:13:27'),
	(368, 17, 14, 1243, 1, '2025-11-07 16:14:03'),
	(369, 17, 14, 1244, 1, '2025-11-07 16:14:39'),
	(370, 19, 16, 1505, 1, '2025-11-07 16:15:19'),
	(371, 17, 14, 1217, 1, '2025-11-07 16:15:33'),
	(372, 17, 14, 1219, 1, '2025-11-07 16:15:45'),
	(373, 17, 14, 1235, 1, '2025-11-07 16:16:09'),
	(374, 19, 16, 1509, 1, '2025-11-07 16:16:10'),
	(375, 17, 14, 1232, 1, '2025-11-07 16:17:06'),
	(376, 19, 16, 1502, 1, '2025-11-07 16:17:06'),
	(377, 17, 14, 1209, 1, '2025-11-07 16:17:21'),
	(378, 17, 14, 1233, 1, '2025-11-07 16:17:35'),
	(379, 19, 14, 1464, 1, '2025-11-07 16:18:03'),
	(380, 17, 16, 1227, 1, '2025-11-07 16:18:06'),
	(381, 17, 16, 1212, 1, '2025-11-07 16:18:21'),
	(382, 17, 16, 1246, 1, '2025-11-07 16:18:48'),
	(383, 17, 14, 1211, 1, '2025-11-07 16:18:52'),
	(384, 20, 16, 1646, 1, '2025-11-07 16:19:28'),
	(385, 17, 16, 1213, 1, '2025-11-07 16:19:32'),
	(386, 17, 14, 1240, 1, '2025-11-07 16:19:33'),
	(387, 17, 14, 1237, 1, '2025-11-07 16:19:38'),
	(388, 20, 14, 1632, 1, '2025-11-07 16:20:03'),
	(389, 17, 14, 1208, 1, '2025-11-07 16:20:13'),
	(390, 20, 14, 1629, 1, '2025-11-07 16:20:20'),
	(391, 17, 15, 1207, 1, '2025-11-07 16:20:45'),
	(392, 20, 14, 1644, 1, '2025-11-07 16:21:30'),
	(393, 20, 14, 1631, 1, '2025-11-07 16:21:33'),
	(394, 20, 14, 1624, 1, '2025-11-07 16:22:08'),
	(395, 17, 13, 1260, 1, '2025-11-07 16:22:21'),
	(396, 17, 14, 1275, 1, '2025-11-07 16:22:43'),
	(397, 20, 14, 1635, 1, '2025-11-07 16:23:27'),
	(398, 17, 13, 1281, 1, '2025-11-07 16:23:47'),
	(399, 20, 14, 1628, 1, '2025-11-07 16:23:49'),
	(400, 20, 14, 1627, 1, '2025-11-07 16:23:56'),
	(401, 17, 13, 1252, 1, '2025-11-07 16:24:11'),
	(402, 20, 14, 1623, 1, '2025-11-07 16:24:15'),
	(403, 17, 14, 1259, 1, '2025-11-07 16:24:22'),
	(404, 20, 14, 1621, 1, '2025-11-07 16:24:29'),
	(405, 17, 14, 1268, 1, '2025-11-07 16:24:33'),
	(406, 20, 14, 1649, 1, '2025-11-07 16:24:37'),
	(407, 17, 13, 1272, 1, '2025-11-07 16:25:05'),
	(408, 20, 13, 1620, 1, '2025-11-07 16:25:07'),
	(409, 20, 13, 1637, 1, '2025-11-07 16:25:39'),
	(410, 17, 13, 1274, 1, '2025-11-07 16:25:40'),
	(411, 17, 13, 1254, 1, '2025-11-07 16:25:40'),
	(412, 17, 13, 1253, 1, '2025-11-07 16:26:13'),
	(413, 20, 14, 1645, 1, '2025-11-07 16:26:19'),
	(414, 20, 13, 1643, 1, '2025-11-07 16:26:22'),
	(415, 17, 15, 1262, 1, '2025-11-07 16:26:35'),
	(416, 20, 15, 1617, 1, '2025-11-07 16:27:02'),
	(417, 17, 13, 1263, 1, '2025-11-07 16:27:14'),
	(418, 20, 14, 1622, 1, '2025-11-07 16:27:24'),
	(419, 17, 13, 1257, 1, '2025-11-07 16:27:28'),
	(420, 17, 14, 1273, 1, '2025-11-07 16:27:53'),
	(421, 17, 13, 1271, 1, '2025-11-07 16:27:59'),
	(422, 20, 14, 1633, 1, '2025-11-07 16:28:05'),
	(423, 20, 14, 1630, 1, '2025-11-07 16:28:08'),
	(424, 17, 14, 1278, 1, '2025-11-07 16:28:28'),
	(425, 17, 13, 1247, 1, '2025-11-07 16:28:40'),
	(426, 20, 14, 1616, 1, '2025-11-07 16:29:02'),
	(427, 17, 14, 1269, 1, '2025-11-07 16:29:19'),
	(428, 17, 14, 1270, 1, '2025-11-07 16:29:40'),
	(429, 20, 14, 1641, 1, '2025-11-07 16:29:52'),
	(430, 20, 14, 1634, 1, '2025-11-07 16:30:00'),
	(431, 17, 14, 1264, 1, '2025-11-07 16:30:11'),
	(432, 17, 13, 1251, 1, '2025-11-07 16:30:14'),
	(433, 20, 14, 1638, 1, '2025-11-07 16:30:20'),
	(434, 17, 14, 1279, 1, '2025-11-07 16:30:37'),
	(435, 17, 14, 1280, 1, '2025-11-07 16:31:12'),
	(436, 17, 14, 1250, 1, '2025-11-07 16:31:33'),
	(437, 20, 14, 1639, 1, '2025-11-07 16:31:45'),
	(438, 20, 13, 1619, 1, '2025-11-07 16:31:57'),
	(439, 17, 16, 1249, 1, '2025-11-07 16:32:02'),
	(440, 17, 14, 1267, 1, '2025-11-07 16:32:24'),
	(441, 20, 15, 1618, 1, '2025-11-07 16:32:37'),
	(442, 17, 13, 1248, 1, '2025-11-07 16:32:48'),
	(443, 20, 14, 1636, 1, '2025-11-07 16:33:00'),
	(444, 20, 14, 1648, 1, '2025-11-07 16:33:09'),
	(445, 17, 15, 1266, 1, '2025-11-07 16:33:31'),
	(446, 20, 14, 1625, 1, '2025-11-07 16:33:33'),
	(447, 20, 13, 1626, 1, '2025-11-07 16:34:32'),
	(448, 20, 14, 1712, 1, '2025-11-07 16:34:38'),
	(449, 20, 14, 1699, 1, '2025-11-07 16:34:38'),
	(450, 17, 13, 1255, 1, '2025-11-07 16:34:50'),
	(451, 17, 13, 1265, 1, '2025-11-07 16:35:14'),
	(452, 17, 15, 1277, 1, '2025-11-07 16:36:00'),
	(453, 20, 14, 1717, 1, '2025-11-07 16:36:21'),
	(454, 20, 14, 1705, 1, '2025-11-07 16:36:56'),
	(455, 17, 14, 1282, 1, '2025-11-07 16:37:26'),
	(456, 20, 14, 1714, 1, '2025-11-07 16:37:48'),
	(457, 20, 14, 1708, 1, '2025-11-07 16:38:12'),
	(458, 17, 14, 1283, 1, '2025-11-07 16:38:20'),
	(459, 20, 14, 1692, 1, '2025-11-07 16:38:54'),
	(460, 17, 14, 1285, 1, '2025-11-07 16:38:54'),
	(461, 20, 14, 1703, 1, '2025-11-07 16:39:12'),
	(462, 20, 14, 1709, 1, '2025-11-07 16:39:52'),
	(463, 20, 14, 1689, 1, '2025-11-07 16:40:15'),
	(464, 17, 14, 1287, 1, '2025-11-07 16:40:31'),
	(465, 20, 14, 1688, 1, '2025-11-07 16:41:19'),
	(466, 20, 14, 1702, 1, '2025-11-07 16:41:29'),
	(467, 17, 14, 1284, 1, '2025-11-07 16:42:11'),
	(468, 20, 14, 1695, 1, '2025-11-07 16:42:12'),
	(469, 17, 14, 1286, 1, '2025-11-07 16:42:30'),
	(470, 20, 14, 1711, 1, '2025-11-07 16:42:38'),
	(471, 20, 14, 1704, 1, '2025-11-07 16:42:54'),
	(472, 17, 14, 1293, 1, '2025-11-07 16:42:55'),
	(473, 17, 14, 1288, 1, '2025-11-07 16:43:05'),
	(474, 20, 14, 1698, 1, '2025-11-07 16:43:39'),
	(475, 20, 14, 1701, 1, '2025-11-07 16:44:14'),
	(476, 20, 14, 1687, 1, '2025-11-07 16:44:55'),
	(477, 17, 13, 1294, 1, '2025-11-07 16:45:00'),
	(478, 17, 14, 1289, 1, '2025-11-07 16:45:11'),
	(479, 17, 14, 1290, 1, '2025-11-07 16:45:35'),
	(480, 20, 14, 1718, 1, '2025-11-07 16:45:37'),
	(481, 17, 13, 1298, 1, '2025-11-07 16:45:41'),
	(482, 20, 16, 1706, 1, '2025-11-07 16:45:52'),
	(483, 20, 14, 1686, 1, '2025-11-07 16:45:52'),
	(484, 20, 14, 1693, 1, '2025-11-07 16:46:17'),
	(485, 17, 14, 1291, 1, '2025-11-07 16:46:23'),
	(486, 20, 14, 1716, 1, '2025-11-07 16:46:52'),
	(487, 17, 14, 1295, 1, '2025-11-07 16:46:59'),
	(488, 17, 14, 1292, 1, '2025-11-07 16:47:21'),
	(489, 17, 14, 1301, 1, '2025-11-07 16:47:54'),
	(490, 17, 14, 1306, 1, '2025-11-07 16:48:57'),
	(491, 17, 14, 1296, 1, '2025-11-07 16:49:01'),
	(492, 19, 15, 1520, 1, '2025-11-07 16:49:07'),
	(493, 17, 14, 1299, 1, '2025-11-07 16:49:31'),
	(494, 20, 14, 1700, 1, '2025-11-07 16:49:56'),
	(495, 17, 14, 1303, 1, '2025-11-07 16:49:58'),
	(496, 19, 15, 1515, 1, '2025-11-07 16:49:59'),
	(497, 17, 14, 1297, 1, '2025-11-07 16:50:01'),
	(498, 17, 14, 1307, 1, '2025-11-07 16:50:31'),
	(499, 17, 14, 1300, 1, '2025-11-07 16:50:33'),
	(500, 17, 14, 1308, 1, '2025-11-07 16:51:14'),
	(501, 17, 14, 1312, 1, '2025-11-07 16:51:47'),
	(502, 19, 15, 1521, 1, '2025-11-07 16:52:05'),
	(503, 19, 16, 1522, 1, '2025-11-07 16:52:28'),
	(504, 19, 15, 1535, 1, '2025-11-07 16:52:43'),
	(505, 19, 15, 1528, 1, '2025-11-07 16:53:00'),
	(506, 17, 14, 1311, 1, '2025-11-07 16:53:04'),
	(507, 19, 15, 1542, 1, '2025-11-07 16:53:31'),
	(508, 17, 14, 1313, 1, '2025-11-07 16:53:31'),
	(509, 19, 14, 1512, 1, '2025-11-07 16:53:53'),
	(510, 19, 15, 1513, 1, '2025-11-07 16:54:07'),
	(511, 19, 14, 1527, 1, '2025-11-07 16:54:10'),
	(512, 17, 14, 1314, 1, '2025-11-07 16:54:38'),
	(513, 17, 14, 1309, 1, '2025-11-07 16:54:45'),
	(514, 19, 14, 1538, 1, '2025-11-07 16:54:55'),
	(515, 19, 15, 1516, 1, '2025-11-07 16:55:16'),
	(516, 19, 15, 1537, 1, '2025-11-07 16:55:18'),
	(517, 19, 15, 1539, 1, '2025-11-07 16:55:54'),
	(518, 19, 15, 1530, 1, '2025-11-07 16:55:56'),
	(519, 19, 14, 1529, 1, '2025-11-07 16:56:16'),
	(520, 19, 15, 1543, 1, '2025-11-07 16:56:42'),
	(521, 19, 15, 1514, 1, '2025-11-07 16:57:11'),
	(522, 19, 15, 1544, 1, '2025-11-07 16:57:27'),
	(523, 19, 15, 1541, 1, '2025-11-07 16:58:24'),
	(524, 19, 15, 1525, 1, '2025-11-07 16:58:37'),
	(525, 19, 13, 1534, 1, '2025-11-07 16:58:51'),
	(526, 19, 15, 1533, 1, '2025-11-07 16:58:52'),
	(527, 19, 15, 1536, 1, '2025-11-07 16:59:28'),
	(528, 19, 15, 1523, 1, '2025-11-07 16:59:40'),
	(529, 19, 15, 1526, 1, '2025-11-07 17:00:20'),
	(530, 19, 15, 1531, 1, '2025-11-07 17:00:26'),
	(531, 20, 14, 1652, 1, '2025-11-07 17:01:34'),
	(532, 20, 14, 1685, 1, '2025-11-07 17:01:50'),
	(533, 20, 14, 1675, 1, '2025-11-07 17:01:52'),
	(534, 19, 14, 1554, 1, '2025-11-07 17:02:21'),
	(535, 19, 13, 1546, 1, '2025-11-07 17:02:26'),
	(536, 19, 13, 1574, 1, '2025-11-07 17:02:36'),
	(537, 20, 14, 1674, 1, '2025-11-07 17:02:37'),
	(538, 20, 14, 1654, 1, '2025-11-07 17:03:25'),
	(539, 19, 13, 1576, 1, '2025-11-07 17:03:31'),
	(540, 20, 14, 1679, 1, '2025-11-07 17:03:34'),
	(541, 20, 14, 1656, 1, '2025-11-07 17:03:39'),
	(542, 20, 14, 1676, 1, '2025-11-07 17:04:04'),
	(543, 20, 14, 1665, 1, '2025-11-07 17:04:11'),
	(544, 19, 15, 1575, 1, '2025-11-07 17:04:18'),
	(545, 19, 13, 1548, 1, '2025-11-07 17:04:26'),
	(546, 19, 14, 1569, 1, '2025-11-07 17:04:46'),
	(547, 20, 13, 1680, 1, '2025-11-07 17:04:58'),
	(548, 20, 14, 1670, 1, '2025-11-07 17:05:01'),
	(549, 20, 13, 1667, 1, '2025-11-07 17:05:05'),
	(550, 19, 14, 1567, 1, '2025-11-07 17:05:06'),
	(551, 19, 14, 1568, 1, '2025-11-07 17:05:12'),
	(552, 19, 14, 1557, 1, '2025-11-07 17:05:15'),
	(553, 19, 14, 1570, 1, '2025-11-07 17:05:31'),
	(554, 19, 13, 1550, 1, '2025-11-07 17:05:42'),
	(555, 20, 14, 1650, 1, '2025-11-07 17:05:59'),
	(556, 19, 14, 1556, 1, '2025-11-07 17:06:02'),
	(557, 19, 13, 1551, 1, '2025-11-07 17:06:05'),
	(558, 20, 14, 1659, 1, '2025-11-07 17:06:29'),
	(559, 19, 13, 1552, 1, '2025-11-07 17:06:32'),
	(560, 19, 13, 1558, 1, '2025-11-07 17:06:39'),
	(561, 19, 13, 1573, 1, '2025-11-07 17:06:39'),
	(562, 20, 14, 1677, 1, '2025-11-07 17:06:47'),
	(563, 20, 14, 1653, 1, '2025-11-07 17:07:04'),
	(564, 20, 14, 1668, 1, '2025-11-07 17:07:06'),
	(565, 19, 14, 1559, 1, '2025-11-07 17:07:13'),
	(566, 19, 13, 1571, 1, '2025-11-07 17:07:17'),
	(567, 20, 14, 1669, 1, '2025-11-07 17:07:41'),
	(568, 19, 13, 1547, 1, '2025-11-07 17:07:52'),
	(569, 20, 14, 1660, 1, '2025-11-07 17:07:57'),
	(570, 19, 13, 1553, 1, '2025-11-07 17:08:15'),
	(571, 20, 14, 1664, 1, '2025-11-07 17:08:23'),
	(572, 20, 13, 1663, 1, '2025-11-07 17:08:26'),
	(573, 20, 16, 1651, 1, '2025-11-07 17:08:54'),
	(574, 19, 16, 1577, 1, '2025-11-07 17:09:11'),
	(575, 19, 13, 1564, 1, '2025-11-07 17:09:20'),
	(576, 19, 14, 1555, 1, '2025-11-07 17:09:29'),
	(577, 20, 16, 1682, 1, '2025-11-07 17:09:34'),
	(578, 19, 15, 1565, 1, '2025-11-07 17:09:43'),
	(579, 20, 15, 1661, 1, '2025-11-07 17:10:05'),
	(580, 19, 13, 1579, 1, '2025-11-07 17:10:09'),
	(581, 19, 14, 1563, 1, '2025-11-07 17:10:10'),
	(582, 20, 13, 1657, 1, '2025-11-07 17:11:09'),
	(583, 20, 14, 1671, 1, '2025-11-07 17:11:24'),
	(584, 20, 14, 1662, 1, '2025-11-07 17:12:10'),
	(585, 19, 13, 1566, 1, '2025-11-07 17:12:30'),
	(586, 20, 14, 1681, 1, '2025-11-07 17:12:41'),
	(587, 19, 13, 1562, 1, '2025-11-07 17:12:55'),
	(588, 20, 14, 1580, 1, '2025-11-07 17:13:04'),
	(589, 19, 13, 1561, 1, '2025-11-07 17:13:18'),
	(590, 20, 16, 1581, 1, '2025-11-07 17:13:25'),
	(591, 20, 14, 1666, 1, '2025-11-07 17:13:52'),
	(592, 19, 14, 1560, 1, '2025-11-07 17:14:02'),
	(593, 20, 14, 1582, 1, '2025-11-07 17:14:27'),
	(594, 20, 14, 1583, 1, '2025-11-07 17:14:45'),
	(595, 20, 14, 1584, 1, '2025-11-07 17:15:20'),
	(596, 20, 14, 1586, 1, '2025-11-07 17:16:01'),
	(597, 20, 14, 1587, 1, '2025-11-07 17:16:35'),
	(598, 20, 14, 1592, 1, '2025-11-07 17:17:02'),
	(599, 20, 14, 1589, 1, '2025-11-07 17:17:10'),
	(600, 20, 15, 1597, 1, '2025-11-07 17:17:44'),
	(601, 20, 15, 1590, 1, '2025-11-07 17:18:10'),
	(602, 20, 13, 1599, 1, '2025-11-07 17:19:42'),
	(603, 20, 14, 1600, 1, '2025-11-07 17:19:47'),
	(604, 20, 14, 1601, 1, '2025-11-07 17:20:16'),
	(605, 20, 14, 1598, 1, '2025-11-07 17:20:53'),
	(606, 20, 14, 1602, 1, '2025-11-07 17:21:17'),
	(607, 20, 13, 1605, 1, '2025-11-07 17:21:45'),
	(608, 20, 16, 1603, 1, '2025-11-07 17:22:33'),
	(609, 20, 14, 1604, 1, '2025-11-07 17:23:06'),
	(610, 20, 14, 1609, 1, '2025-11-07 17:23:09'),
	(611, 20, 14, 1615, 1, '2025-11-07 17:23:41'),
	(612, 20, 16, 1606, 1, '2025-11-07 17:24:41'),
	(613, 20, 14, 1614, 1, '2025-11-07 17:24:59'),
	(614, 20, 14, 1608, 1, '2025-11-07 17:26:12'),
	(615, 20, 13, 1610, 1, '2025-11-07 17:27:12'),
	(616, 20, 14, 1607, 1, '2025-11-07 17:27:22'),
	(617, 20, 14, 1612, 1, '2025-11-07 17:27:27'),
	(618, 20, 14, 1611, 1, '2025-11-07 17:28:17'),
	(619, 20, 14, 1613, 1, '2025-11-07 17:28:53'),
	(620, 20, 14, 1642, 1, '2025-11-07 17:29:54'),
	(621, 20, 14, 1715, 1, '2025-11-07 17:30:13'),
	(622, 20, 14, 1678, 1, '2025-11-07 17:31:24');

-- Volcando estructura para disparador votacion_escolar.trg_usuario_insert
SET @OLDTMP_SQL_MODE=@@SQL_MODE, SQL_MODE='NO_AUTO_VALUE_ON_ZERO';
DELIMITER //
CREATE TRIGGER `trg_usuario_insert` BEFORE INSERT ON `usuario` FOR EACH ROW BEGIN
    IF NEW.usuario = '' OR NEW.usuario IS NULL THEN
        SET NEW.usuario = generar_usuario_unico(NEW.nombre, NEW.apellido);
    END IF;
END//
DELIMITER ;
SET SQL_MODE=@OLDTMP_SQL_MODE;

/*!40103 SET TIME_ZONE=IFNULL(@OLD_TIME_ZONE, 'system') */;
/*!40101 SET SQL_MODE=IFNULL(@OLD_SQL_MODE, '') */;
/*!40014 SET FOREIGN_KEY_CHECKS=IFNULL(@OLD_FOREIGN_KEY_CHECKS, 1) */;
/*!40101 SET CHARACTER_SET_CLIENT=@OLD_CHARACTER_SET_CLIENT */;
/*!40111 SET SQL_NOTES=IFNULL(@OLD_SQL_NOTES, 1) */;
